,0,1,2,3,4,5,6,7,8,9,10,11,12,13,14,15,16,17,18,19,20,21,22,23,24,25,26,27,28,29,30,31,32,33,34,35,36,37,38,39,40,41,42,43,44,45,46,47,48,49,50,51,52,53,54,55,56,57,58,59,60,61,62,63,64,65,66,67,68,69,70,71,72,73,74,75,76,77,78,79,80,81,82,83,84,85,86,87,88,89,90,91,92,93,94,95,96,97,98,99
0,,6.406744120918965,6.336151197836388,6.496923422541578,5.631400564801802,5.942774653750317,5.142949640613023,6.603759971609636,6.778762954532201,6.134287048958823,5.650546000353859,5.802472972365516,6.526464499297693,5.337799980505362,6.7744307056083555,5.6543208346208775,7.204500522237683,6.194633055198943,5.433883147197784,6.4294978414909485,6.231396008779077,5.759586149978319,6.268279487820992,5.371458451619612,5.557995078842179,5.922477765071624,6.593647624390938,5.3583357012192305,5.9770790653850225,6.69298837810175,5.788871463434815,6.527261881529399,5.76780558233812,5.984181098385102,5.146082041078052,5.9480417763917774,6.077080752982332,5.3204904250233,5.969863891643965,5.589857297320003,4.879782542101646,5.129190009097063,5.499342179336113,5.575473309571757,5.931847851545042,5.638692836696246,6.859135830848054,6.094356585402232,4.875924870729408,5.169460521893768,5.369725312925017,5.823575731999215,6.119865940263959,5.312618515254264,4.608673257385088,5.654155606118611,5.377305726653434,5.110548416242633,4.3829768163523175,6.071858142974564,4.717969897581332,5.373154718500088,5.004903789537,6.032840254922947,5.543954078790035,6.6857890670935785,5.4967555439611875,4.897354752196497,6.2557989821805045,5.542814077528968,4.358048496982763,4.923511674149362,5.980930098081483,4.284547704112569,5.486463469625369,4.647825503172851,5.204785474501311,5.059232208681215,5.6541897405766655,6.155012752602964,5.213565026516814,5.718992565354738,5.758366583377705,3.6200935829544196,5.078197623845724,6.076200418679527,5.055203067909519,5.269783576829718,5.452008966231928,5.291947952826758,4.8168698389851725,4.888663730424706,5.482892968167293,5.235967311789171,6.103502856511353,5.874465137304661,6.888708631116312,4.1700491099377945,6.817578853240201,4.2619528453478335
1,,,6.8572802762527365,6.622797389930923,6.480245145105032,7.262893616613359,6.121421835553354,6.7122964184242155,7.194138944404189,6.740236890824672,6.804160323358305,6.378839287584325,8.125385901527846,6.595366936113012,6.901312998019553,6.723469272181475,6.3055727293117005,7.504461345624028,6.130540468597006,7.220855559450044,6.853854426479188,6.355168202560337,7.067479088894366,6.059067601648218,6.924232936174745,5.790063391148314,6.704781958774803,6.114847146988708,5.620465651784135,6.7368820266301,6.991590930816171,6.436819159367584,6.703770275829597,6.351236230102121,6.148431962097767,6.597293274865755,6.733779910081273,6.310154739429515,6.896448275228316,6.416441680904353,5.908697928016997,5.800300675376131,6.136625583541498,6.017496636447225,6.284105195874439,6.210735741930982,6.860713064384796,6.499684301563824,5.818263075436707,5.889647255057698,6.505633705833377,6.475038659902543,6.732031660440041,6.389527647912712,5.63758864330044,6.655521052543506,6.099509703172814,5.834092125287618,5.532333477164389,6.75325029831818,5.656265168853642,5.935222973052181,5.600485842119018,6.837710259938709,6.172382236266042,6.113630150348834,5.958645473353717,5.6609880019577865,6.370552699002904,6.04936394091706,5.3308409021789895,5.989738159595719,6.176256280761911,5.451868509517238,5.919866938537298,5.727875972885207,5.973762973304037,5.579083615995895,6.341127959580756,6.573716455257802,6.1424804124321675,6.654495355011194,6.226394264205899,4.3490089688697715,5.977185947575949,6.409772726272916,5.951860389308742,6.091705955752062,6.032288191965333,6.122937772778734,5.968964820799413,5.515248114009055,6.235337765847351,5.868433376659058,5.510865924591259,5.205251746732287,6.007682972696978,4.898964495853146,7.28880622590423,5.46700331506019
2,,,,6.732269984175327,6.9943933488835235,7.391026846455385,6.125840734002661,7.0243666878183655,7.219499667736317,7.367215125134448,6.837669291108302,7.8658187128199035,6.885348425405546,7.071738213097022,7.689506390219921,6.822947409518583,6.440082569519908,7.129261016439688,6.812353918919331,7.461534688049969,7.31752115548692,7.183696536310249,6.996833918525952,6.587697332177482,6.480221287588593,5.475289800819576,7.309110495164131,6.7534593332117865,6.356195848706929,7.6535629967642365,6.861038872141773,6.815659236442406,6.7758273801444115,6.85938456022299,6.447443253246818,7.0844102867733545,7.23271193856558,6.7670072726074935,7.568773519702651,6.862493376913593,6.682357770109228,6.386293805411392,6.2437073869661255,6.971296364344675,6.831772644072567,6.754695165604702,7.419103996855297,6.9512263126779095,6.3619393731855265,6.342492028026916,6.584286151796156,7.024469683367823,7.116814951480201,6.8151529794231545,6.368882521541717,6.723235138447235,6.965392648261221,5.687487967716336,6.083180278190205,7.339174936173558,5.951291838031057,6.67886361823974,6.948295051324896,7.097749599113774,7.000921571099369,6.38785158230918,5.99438983403507,6.040300149518255,6.238565648852344,6.659508057139295,5.535582961151651,6.101046138318251,7.179063756423494,5.562082168281458,6.451344678224567,6.152690969672743,6.5049889363392,6.03377410609446,7.1215667529634,6.969866669517624,6.630779734013681,6.861511921529891,6.703400067137706,5.2926635830655675,6.607479235149177,6.874957823897232,6.241386189813451,6.896567360307238,6.36642515491108,6.456804475405658,5.914883350360309,6.532336589809636,6.12090455465143,6.504177766634052,6.264971128689029,5.607332752681561,6.525167977577649,6.039081903506188,6.964576763549136,5.656305311885457
3,,,,,5.9846743929261805,6.206663595853588,5.976790647442841,6.839692657323947,6.8883378505404105,6.823312674133194,5.942654302235132,6.098167932837867,6.594289073204003,6.007994348796594,7.1208920092032,5.808067530829529,6.964094228287808,6.273981105428749,5.991178750887128,6.818100091610845,6.6643764792205795,5.820145623217736,6.948408545715291,5.092153412091965,6.163282792839324,6.342931920116679,6.946085472350181,5.9570803980295075,6.223699103978845,7.176259972052836,5.984200233483606,6.858152718880854,5.915582065487853,5.700214054195449,5.947374534987958,6.013708541778563,6.5238234826915065,5.698285668547018,6.371156385553872,5.87562567813149,5.383304944625868,5.829634766411447,6.212648436541851,5.896168270044109,6.4897289129121845,6.637654328275149,6.861154098857449,6.49843712113333,5.679548366970316,6.29731848069931,5.560779981432951,6.431579635305095,6.358677670782417,5.666646809059949,5.209965751294994,5.974213822519395,5.776548815829372,5.893159418299404,5.3346741078269995,6.253482496634375,5.478709600782991,5.521586095032747,5.272862950113573,5.82565755794414,6.005139048802521,8.073918692665794,6.0860779554139315,5.01679397915505,6.536424662733978,5.923475671052086,4.612076790788446,5.079870970286049,6.565105142074634,4.647618409645229,6.358533952150076,4.876853796978535,5.595452239888097,6.218278539678185,5.919817898822235,6.386558302224449,5.802611558988472,6.105830220605434,6.680309577545968,4.021386076864325,5.640239046246494,6.680528965720364,5.217880019450247,5.6511342615124756,6.1483731439015195,5.890909444405662,4.952531711739873,5.196667633730586,5.805611739560404,5.5496692652685145,6.166815806844834,6.474844995325459,7.06382250652806,4.803599668363829,7.339032641722893,5.225023550880494
4,,,,,,7.088069839521485,6.633937837041344,6.583351031498387,6.377581843029194,6.616718262805508,7.262346245209461,7.023786696303329,6.426121513435923,7.599483142210014,7.156409702915904,7.083564288190391,6.169556377075731,6.892493658545976,7.221267348607592,6.751449558668125,7.011833885047214,7.435836022730893,6.337625790897565,6.871130676493942,6.600857361649124,4.598068750669629,6.532396179869317,7.7003128269075685,6.039152255480297,6.565173181453732,6.760118207115246,6.7799818596700465,6.743845162969881,7.0971175207528585,6.470995995717453,7.121131805940423,6.976531865744134,7.260352993378236,7.024392765886926,7.590732780174415,7.113514236836904,7.40125059511514,6.147403947644802,7.244570572501299,6.250322821576798,6.9113949088371225,6.953763789334333,7.231573826014108,7.023146170482242,6.414730196771313,7.333511448913121,7.36489863527029,7.2255597017467466,7.008623051487453,6.770422800479675,6.833488615924204,7.33313572219435,5.924002508518686,6.576848550996231,7.001357486900334,6.631875350670518,7.241514817442401,6.98653927965326,6.65486746439919,6.614636158125082,5.302284343999232,5.917678818993287,7.02137570538405,6.406381601709047,7.05464450456609,6.586509298473807,6.793491987665055,6.851346464425305,6.280750441087485,6.664448627892328,6.6587994535930255,7.385507893118657,5.642599517756913,6.564043820965587,7.068212408476131,7.107503015032387,6.625650316057953,6.57024738390726,6.029428159429075,7.282870195658374,6.808201653140562,6.755936138462008,7.3756830047941335,6.170424956414766,6.571206762670699,6.595563309244291,7.055344239775119,6.3018154806737945,6.910257270506877,5.727451854583733,4.852345041217539,5.751545194954974,6.34408956876539,6.370672695298444,5.967211348728429
5,,,,,,,6.245235475883744,6.652622122800208,6.99144362161267,7.190588005892348,7.464358673046802,7.20920006731842,7.19216076721619,6.98718557769008,7.188923304289432,7.129848824598462,6.265821791207122,7.173009321622885,6.694265114310553,7.155790010989296,7.460529482425664,6.982287977154513,6.685199474076642,7.0070754402058455,6.693125610651579,5.318083626827505,6.610295172949723,6.910258925692209,5.879692720253224,6.802251815264107,7.833929134254969,6.595736677692031,6.938596612104046,7.057344310080145,6.2509464420216165,7.149934755735875,7.030723538572513,7.093846860147932,7.4962383631788425,6.90415540181492,6.795675240486725,6.6488551690539115,6.0863766844841,6.9495468867318255,6.413351567923051,6.428441830104826,6.95418084794313,6.6439564909252375,6.627848095202385,6.025323093413598,6.972774009016826,6.692744748076387,7.058902306665962,7.212535486470338,5.948831775975712,6.7148837935307215,6.543010900364215,5.834151154637931,6.362694256898486,7.29761258295119,6.074219710924887,6.758230811609805,6.423493680676644,7.117149902968073,6.445984386244832,5.876093504977869,6.058704502704032,6.425172311103648,6.509361996116252,6.277425075961066,6.165250092811067,6.8127459981533445,6.896808668746002,6.374876348074863,6.0199259678876125,6.523315689605181,6.944986464650817,5.543244543356164,6.545570636767552,7.067171034653631,6.965488250989792,6.655137559751507,6.313756589710608,5.172016807427397,6.793200779140566,6.555794236528339,6.716044698454603,6.595427446384938,5.98098241607492,6.19073873761292,6.502544954976693,6.33825595256668,6.342940451048937,6.793800155564159,5.559841746297878,4.667041291932243,5.990866094130219,5.369031157940183,6.756033055002171,5.843966916501839
6,,,,,,,,6.137622777582305,6.747465247383472,5.665107655948248,5.883194420584098,6.644253745117494,6.126121733296011,6.280936817484607,6.2424242160367065,6.4402239137288895,5.8149097170875415,6.162740181973803,6.803407577909009,6.388074245928512,6.325444458022139,6.270194759434069,6.353052068724249,6.266474392968492,5.89313878008248,4.903436025991649,5.966689864798701,6.17842662567476,5.211328440732079,6.079770402825618,6.3675604284495355,6.049043847966323,6.894738497133853,6.620862516362945,7.424744538470553,6.085142120290547,5.758401640208331,6.673523613322212,6.301083269683718,6.604216861194417,7.172954234740553,6.255697390550277,7.505659205638707,6.467707624150241,6.206925569991717,6.580413205963328,6.588607542889173,6.67457394166815,6.508047511687868,6.3341069654297915,6.539477059755495,6.462555421900143,6.156763513402573,6.251648401261015,6.97437084743896,7.183703839589457,6.368928263595553,7.22543168400325,6.1614222731695465,5.964834977314461,6.898746356729565,5.91034702000244,6.168522411286775,6.47852661125774,6.0074937499109815,5.428254672182369,7.12719349717865,6.8825116184096995,6.255762300285158,6.739415542721968,5.622320101762062,6.03982446778054,5.876824141452447,6.29758222777693,6.648504317840559,5.421659309504642,6.265974432727873,6.8999880717456845,6.7764439921209885,6.490589318845405,6.348891807316918,7.05939976405468,6.328765014600356,4.917045538037528,6.141723750138143,6.423627930967245,6.929270979101933,6.423470860025097,7.056814864951968,7.342642697023276,6.776948874751418,5.8717636846925485,7.388944370995965,6.241910528601366,5.586397427605254,4.619196238211079,5.48683953246212,5.2534088320111945,5.948473853147066,5.937483308192325
7,,,,,,,,,6.8291076868779355,6.991260061496132,6.162346295537285,6.030771007325021,6.791249200247634,6.308749719398804,7.284585950726823,6.061532916698315,7.703389859638391,6.855046206517924,6.330493234770255,7.349591798577061,7.029237618223863,6.15274869770489,6.849854883740679,5.42475648657912,5.843289268642697,5.610515811693021,8.0222361850447,6.262556237335736,6.793789066218967,7.159002000825655,6.383650439334021,7.526075984697413,6.276062797426165,6.111037674103842,6.168304863253121,6.467173927647348,6.887940962145973,6.110693243578574,6.949658547681209,6.473921283368546,5.780424148145279,5.9599068385675995,6.2010389873098415,5.924390937466294,7.103198270437301,6.658584656540314,7.637643594237895,7.089858987162611,5.671036277309477,6.200989274812203,5.893383055920106,6.8902396278779445,6.696620209058788,5.999249883547104,5.80572672051899,6.374544358247001,6.606617254303465,5.849291904551264,5.067277182314155,6.423730419226759,5.404601265874172,6.224598993944789,5.888758147525489,6.144972336095139,6.711658010617448,6.172614540481523,6.2594517398894585,5.581655118158334,6.984929359288736,6.0769633959973905,5.044679865275601,5.412474044773203,6.809498077109266,4.803437136921538,6.605546467088989,5.207125869134688,5.889085840463148,6.347367265743012,6.33133268916918,7.16960835918485,5.9419260428716,6.634704705485868,6.909579360274303,4.799429484858515,5.93979179206228,7.5589257593518315,5.58274115845353,6.459844032970613,6.622927386517574,6.283910239479815,5.282803783896025,5.985717193558608,6.018236752893027,5.58227233975567,6.8141647423502185,5.63609654691029,6.435924778799384,5.367102573071697,7.026247589133387,4.974130868760829
8,,,,,,,,,,6.894276318551728,6.62638517793664,6.683151889131528,7.355818685989337,6.392128866339117,7.498641419798814,7.075732011291448,6.600024098387429,6.839096899757412,6.185002689400116,7.347156046755378,7.021600166018506,6.7496751660927545,7.439973717070085,6.497813230549224,6.400268566894383,5.846562176457639,6.829474149011209,6.137051303275689,5.659768847713144,7.225555870035706,6.810564237702422,6.5552396002617215,7.071066184521044,6.503542870321706,6.529459647796513,6.642403548328382,6.483755520664117,6.7291330892648835,6.946248491369421,6.370903901707463,6.263160148820108,5.948051486783266,6.7799492181508425,6.499497086170366,6.544941433781708,6.380812483801302,7.570472788559579,6.848264169425757,6.168344889174845,6.4794035935078655,6.348440914981475,6.672364271870546,6.71075809987681,6.343353701248845,5.9920508641035495,6.739031992000799,6.153971923975923,6.499276613226663,5.404669590619922,6.769380061022867,5.910727389656751,6.08968519385529,6.001985812644442,7.461244438586525,6.315431523369183,6.785296680253536,6.8085094818764,6.086789461947974,6.629158538774778,6.898314026796271,5.2820722735813685,5.94753545074797,6.446333022632233,5.708571480711176,6.427634010797106,5.544518277440456,6.019182782380172,6.26079221748641,7.009525277257145,6.711535132611995,6.440574111809385,6.835266462694591,6.404775293174807,4.4034711896728815,6.0223241590550485,6.84170905068593,6.40632261011185,6.356764731417132,6.45284920689709,6.672994557214217,6.220196192201792,5.569710334812166,6.951659569193154,6.150667079063769,6.16914067992132,5.878393545532019,6.7915043831471955,4.9534267166562564,7.160021056244636,5.279265212550468
9,,,,,,,,,,,7.039566014919333,6.351190823696216,6.866082378816088,6.872709735410829,7.821385937366436,6.534400951137372,6.492933068256249,6.891108683152116,6.383047110002708,7.280659572708036,7.30298990289002,6.41434498466432,6.797490438609483,6.121646891185607,6.0503433764446735,5.03511780242823,7.297967299015596,6.620601173684991,6.339316959969204,6.9134241389078515,6.472908533813388,6.756750939898852,6.476217203800829,6.067847950746397,5.959312914918432,6.695627899863549,7.0832646402043045,6.838529520145668,7.2175632505523994,6.37669404091621,6.206087014323536,6.550209839432982,5.644357170458691,6.264788814992018,6.3749619051237785,6.426063296440918,7.115260988489778,6.43988032156037,6.5244192089967274,5.922103625182401,6.354979342879534,6.684159727019317,6.803927231620313,6.554963817565356,5.885702678262835,6.509764933631477,6.481495546368664,5.4638293679812815,5.387696998685348,6.980612117519572,5.430903435186542,6.841343454050938,6.611883450020751,6.319027862935926,6.739349498088027,6.405757190836377,5.8567479050958084,5.728640399425164,6.22196077457803,5.835713383146572,5.500393799293854,6.168187978791454,7.8683000620325245,5.529224008754662,6.204048511799023,5.6519041537253845,6.279388841328531,5.91660652334602,6.503679450198012,6.803268265660258,6.6321050380821145,6.586743283239076,6.317153260985403,5.155143418876768,6.543269600409872,6.658668852109583,6.12972643972036,6.533137238609764,6.288024409267926,5.9838366972172325,5.626753012031924,6.4403501382997685,5.839485625719018,5.920339214950392,5.9363004246156175,5.448287889850593,6.189863694555223,5.339773868460761,7.130882860344008,4.968174973557071
10,,,,,,,,,,,,6.879961133676157,6.721669264540423,7.100910143674407,7.2278746030665655,7.309523018270733,5.732592072022993,6.45527195696163,6.45994674009445,6.469386600311284,6.604358183050257,7.054073456657611,6.252068592153281,7.118266973392551,6.856988542269092,5.071941866773467,6.295770775398197,7.2697594222491855,5.391821523869464,6.059312340303765,6.805752103231919,6.099498259422473,6.258093361878455,7.023916171145348,5.653592326291745,7.036409649964486,6.865114252904142,6.8203350107376215,6.793276042629154,6.896021339485753,6.686796612411186,7.201379036687829,5.4572282027877055,7.031535157350567,5.634668535453873,6.1963222417424175,6.586984605475742,6.467926078086258,7.052504198974834,5.922340622770759,6.847431261606833,6.818344174951852,6.967135717083027,7.047228152798771,5.952213046990777,6.183826881982368,6.604512612838462,5.4523937424699565,6.4150622606734276,7.328889755418277,6.119876305303856,7.12923183962678,6.56098813917402,7.022406412009449,6.313406345117517,5.74413509600449,5.452066523036911,6.674187056386099,6.124753252011996,6.221759838738778,6.887344914485018,7.146181711073186,6.720767987517391,6.62136199890863,5.9953901739251005,6.77834226895428,7.2596308498501285,4.783613774491068,5.919044091685757,6.721901932671733,6.768900936172978,5.980650586778123,5.852843714481553,5.718502458261161,6.843237780584505,6.205387955805609,6.427570898276507,6.476900378619281,5.323094224803931,5.856134095575993,6.624113791941821,6.725680515778343,5.97772770154157,6.986778106116083,5.01237918748903,4.752801828487241,5.833666671530759,5.746399161715125,6.282784494223156,5.68065457545268
11,,,,,,,,,,,,,6.653482779202887,6.708236632234612,7.139896280374633,6.850188227365791,5.868412499610274,6.649269650334505,7.212786886545654,6.485922119558834,6.8857097066605,7.4489778774736335,6.036862998866193,7.583772227550652,6.645343313931239,5.448606052703217,6.157279673912893,7.227331166524552,6.136090093572713,7.166850654325918,7.000523154501744,6.522571546015471,7.1728858966021125,7.939626654052978,6.830034463469562,7.138043636334954,6.697924444310495,6.941255843865503,6.974146840115392,7.309356628994882,7.538191973766007,7.317743505903923,6.677789511042503,7.980566733976169,6.24556458239251,7.123982302677914,6.840987159286533,6.791897282669705,6.928994496568526,6.062888210181134,7.32718586263003,6.89236108006514,6.924923329952638,7.4972675926111965,6.729676451386599,7.178405602503343,6.974206490212515,6.485332571597113,7.419839508322465,7.117559721229064,6.841641567543826,6.871913865090367,7.355060794016895,7.249329508803033,6.395170955429093,6.353654933775519,6.63686373866071,7.140482047706796,6.65192125181069,6.9965421607462055,6.672242191283914,7.121200514081581,6.994574490764318,6.598741398413719,6.56905686298316,6.723912401357495,7.536204898588206,6.011985974148246,7.232065835150565,7.253710558042827,6.991901009222469,7.009022786435301,6.582938432146873,5.770250587434315,6.9949287995349305,6.487794569579962,7.111905206101175,6.882009878704107,6.551466424461109,6.836957011349243,6.933895521669042,6.72289749956389,6.827993676241571,7.682584569581847,6.082822584557212,4.947879459679164,6.3751762192767405,6.121319763760921,6.105145256189152,6.840072996317984
12,,,,,,,,,,,,,,6.56164755772487,7.147732398502982,6.861126462430176,6.728160466413346,7.3667575755806505,6.268197658845707,7.318256378090552,7.152737345179559,6.6298116941789,6.936297802243407,6.365969157782911,6.9300277043709295,6.005652239888247,6.9691926957819135,6.340175570114122,6.129952524304336,7.195367443425319,7.445740297470455,6.8953045761628005,7.04581780475188,6.657849140724589,6.514157047644224,6.869605764153315,6.756863935899642,6.617056295564208,7.171091766846879,6.691085172522917,6.1833414196355605,6.074944166994695,6.559314322721215,6.292140128065788,6.692651931846692,6.594141443784273,7.028969692910126,6.833151322594151,6.086195157659296,6.223114276088026,6.777946195120938,6.792545542686,6.988913372968934,6.664171139531274,5.912232134919003,6.95072147665952,6.374153194791377,6.276321356552673,5.931976968782953,7.075726380382011,5.9309086604722046,6.209866464670744,5.875129333737581,7.231375755625251,6.47977102084008,6.711432778781579,6.400874704618772,5.93563149357635,6.812781930267961,6.376119552551415,5.692248333349402,6.389381651214282,6.559661982615203,5.726512001135802,6.305528156972494,6.054694337208489,6.246075462591599,6.021312847260951,6.619753280115242,6.957122157111094,6.419454906381732,6.990293378372524,6.57860467644508,4.623652460488335,6.247167434532507,6.854332959868973,6.226503880927305,6.366349447370625,6.493260814439243,6.466610363134035,6.330372251969826,5.789891605627619,6.568804786877678,6.229840807829471,5.971838547065167,5.316709806099401,6.468655595170888,5.205866051987839,7.150664733691613,5.8284107462306025
13,,,,,,,,,,,,,,,6.975108664868209,7.029547385774779,5.875985205132055,6.718268195909804,6.68681034319582,6.788044589147136,6.796424180050122,7.2207534237946875,6.471308200017353,6.625066739951996,6.608692975563075,4.57364630006745,6.392654570685663,7.270842886373933,5.617190922101289,6.512571684011946,6.414628249505227,6.3449299554889915,6.370490379264879,6.558338972538813,6.266532131973249,6.978266881509789,6.995603269171323,7.11287022200861,7.019821842578624,7.075182716105699,6.872312363389303,6.971526814973931,5.815818464856103,6.84433656492511,6.150995521958722,6.5183044591508965,6.557349111075482,6.7366224101844105,6.952387505318634,6.353321794454475,7.118242982441437,6.936225892495308,7.023871247904349,6.808389043911263,6.544413670407388,6.501925624610198,6.922735029949483,5.590086023398984,6.231872988955786,6.916386909079662,6.226863879061939,7.0000036341520735,6.891254585468579,6.5139401594280795,6.451231188604093,5.3098383603161485,5.574438324549575,6.48423017491421,5.890831537640331,6.834051780191994,6.359400282020992,6.561614123541463,6.572578844989983,6.116745262807367,6.226451875793335,6.484923924993809,6.93944395657671,5.399940760995917,6.337702080521607,6.554993346738417,6.92477499955746,6.396977573282971,6.136912636470273,5.848989805789097,7.230593789832608,6.4571988132782,6.419107001377885,7.028398084438486,5.9394212113087805,6.308886303550359,6.236600382318462,6.802670742242171,5.977223004878102,6.478818487154776,5.333368178655883,4.742114374166187,5.542294335471771,6.046004156301883,6.4472941351634105,5.685897330419577
14,,,,,,,,,,,,,,,,6.995134423675077,7.058315069476568,7.156535235777359,7.120879383225737,7.48093152323277,7.92241704381146,7.292222000616655,7.0211016749963955,6.7575183800949095,6.6093064320777515,5.347359121156651,7.324929568771005,7.0666468021801965,6.760636521524756,7.716078315712777,7.102797535865494,7.426071783370444,6.9807515494979215,7.232426153561654,6.613629564178517,7.048750478003103,7.135032195759564,7.0778637392449015,7.820860995454465,7.171018841219999,6.508625169899505,6.993924465597187,6.207715045567548,7.189410895498212,6.7174736285335905,7.338281738931028,8.052952757274399,7.347471773622718,6.870464837491934,6.636406486640723,6.892811616102562,7.693237572048869,7.178982185587869,6.742133018146604,6.369416691362637,7.152814475733103,7.1336687535660115,6.178132229439602,5.866705742496611,7.196746531056045,6.145206296644864,7.128205552857143,6.824470752926314,7.337256042276763,7.2327282489536575,6.953191377393239,6.44471763644051,6.348825613824661,6.983134945174843,6.883349577938229,5.946439427789059,6.411902604955659,7.778108729959739,5.772938634918867,6.959676660285198,6.013265838713116,6.688514400645604,6.191398246058462,7.135910002048228,7.61387407732763,6.934643193658083,7.110109711057723,6.94216850802206,5.439660546343733,6.8585135157259,7.4444251141750195,6.485523940357932,6.994373736850374,6.683804867219141,6.698139558675554,6.282232344078482,6.638157755999146,6.547077077781366,6.847292297787589,6.746785582993785,6.382940000306298,7.175750972615466,5.989616073327108,7.281689652551744,5.6824778350153915
15,,,,,,,,,,,,,,,,,5.808281097834903,6.546570767009042,6.549933525745286,6.68630987017457,6.909974271047295,7.290032263712195,6.593652961434946,7.183719690838872,6.945186319967385,5.103146637478753,6.086257847051091,6.9232613551928734,5.395106609535498,6.399517495147933,6.911046810367003,6.177518287565386,7.0927417079400055,6.8594195380625935,6.391466478804911,7.113411381453797,6.703604795591738,7.2185351516606335,7.034376001593934,7.122174202146391,6.990942625294804,6.603507999824827,6.195102355300872,6.781361734029211,5.97487369029804,6.3409078036515565,6.548621385109907,6.5735421660832944,6.811998692208917,6.37197744612872,7.115310500360911,6.749129831903565,6.920629070409476,6.87490306432522,6.680527968382043,6.721701034495534,6.691964309495167,6.190267894983123,6.39398232205778,6.863265461685902,6.746916706286334,6.621860838424736,6.418714825271167,7.869870844356754,6.4727783546124105,5.611811036665825,6.189940675550077,6.995852063109645,6.194202989927505,6.950074760130043,6.171385005019227,6.907823848276832,6.361162895682243,6.7301422766651635,6.017430937428937,6.5338310088783125,7.189176403354381,5.521487927004234,6.689176308715051,6.67025995615264,6.996121070273542,6.518524739291287,5.958459802478589,5.2838730300216294,6.907388004065803,6.283407983948522,6.999910625103812,6.935455608049349,5.863299379648099,6.5963392504201614,7.182943458744013,6.324583672463728,6.715601854054736,6.578100597570804,5.252584342333198,4.778417011240654,5.64187881938192,5.716181498181475,6.419706858842819,5.829970017948686
16,,,,,,,,,,,,,,,,,,6.367064330085085,6.124399588665817,6.814145959191305,6.857457318127448,5.990390189990143,6.465742634489359,5.264728981195375,5.708673895923315,5.811354536068848,7.494696626900204,6.139448801130124,6.673736965501831,7.112157813357552,6.191364869434148,7.570044385537911,6.079115222864288,5.9855992355672285,5.928511871852314,6.343650371388912,6.528393418220389,5.838122529168271,6.60263661038831,6.209231773322797,5.579096166518432,5.769952270998728,6.097504009006859,5.766694434413552,6.731800735487965,6.48886460295438,7.111230845199278,6.931093747685411,5.428427639318544,5.946197753047539,5.731024548205358,6.578409502919353,6.677758657462357,5.9368913758323565,5.358845023643223,6.199665367714741,6.220766083515596,5.745756926248282,4.904918674599408,6.309530872292331,5.242242758159425,5.756479353394963,5.428453631857774,6.021448779836703,6.347372105958637,6.866372653668544,6.173264530209941,5.419296610443587,7.21792569918663,5.982346823766514,4.882321357560854,5.2477845347274545,6.463359928855747,4.641078629206791,6.322024230190904,5.047098363750943,5.831389337410405,5.927051033762879,5.877739582897439,7.049413606747233,5.772779204501925,6.234575264765741,6.516460612834313,4.370265349212554,5.593780323256727,7.2776488601576395,5.388124586222654,6.019955343087853,6.309945403746373,6.104304845786148,5.125107280843283,5.571093561198969,5.9147017745900445,5.42690683903393,6.848190177550873,6.058908664222587,7.132013894317408,4.920220876195929,6.898674888738871,4.844030425562211
17,,,,,,,,,,,,,,,,,,,6.510530917521824,7.217172613291857,7.249660998996085,6.5685774378017525,6.664702640500494,6.118255129588602,6.1341773105160815,4.981881949187822,6.727573130547668,6.499499600575529,6.092143174213771,6.812919205816343,6.7834884747748685,6.739860262578806,7.069561440435647,6.351862426812242,6.2343047639637605,6.647284715772949,6.6114346266270845,6.724734255201462,7.105772345034439,6.75604651232005,6.288688376941814,6.214880191148078,6.335908065171631,6.2088471687488,6.411331585749775,6.47957124630034,7.016563514592631,6.617815167945945,6.198253524361523,5.878567200738704,6.798818308181632,6.753679976273087,6.78868954314843,6.486037117160612,5.8999320334017264,6.911855910246607,6.361853093274101,5.710137267029382,5.554064415927663,6.6180922788614955,5.773741440664152,6.3498024888241265,5.980476291043834,6.558201602832577,6.421419150646152,5.715373659410832,5.919370135679119,5.836184287255714,6.232788565080261,6.167494807299183,5.33146709888911,6.099261278386712,6.621562373366564,5.4602973083499196,6.090192002324288,5.818913102748196,6.175873074076657,5.762530126057854,6.650960651517204,6.804436038008802,6.53589368014893,6.772626221393315,6.3343599592401345,4.728999417794588,6.482441454023885,6.593219236334874,6.2695283920670395,6.469365402345876,6.205569530679407,6.2190161439697,5.971922019840536,5.901949972329845,6.240128350832912,5.866728571038178,5.7586006081851755,4.707829324232108,5.8388196196959825,5.220131415366199,6.844665417120783,5.343271043550809
18,,,,,,,,,,,,,,,,,,,,6.578932937608093,6.973972563026043,6.829437033237662,6.1674401721685355,6.625716666772084,6.228708806194585,4.710217833894285,6.322959489631152,7.078278162100316,6.19211461025211,6.522931452367589,6.774766669875989,6.751028426920061,6.992086601485138,7.310876109560892,6.950227738073522,6.939910460230973,6.826907569055088,6.876590191352118,6.98186943920375,7.2180953111472395,7.246079120007101,7.111522480847283,6.855083390477488,7.233909763247399,6.41479250188663,7.418099188337873,6.830591706187587,7.0461761014684186,6.977293315555843,6.261846376961391,7.008010201183656,7.161271930362586,6.965480163153735,6.845634671011133,6.630087390389707,7.311596376991043,7.044428881957165,6.387924506883994,6.806490694935209,6.8682082705337075,6.706189658517166,6.821141756011111,6.870026279670879,6.343806167101904,6.721650320520819,5.435036480085005,6.545961314687091,6.925249037844361,6.43942198219684,6.529361501310063,6.590604787292628,6.610688611539704,6.938461306272744,6.508061582695462,7.00668365884888,5.980901583308235,6.992958642015338,6.372390897892614,6.718574209392793,7.167892327486788,6.795170414293331,6.962716300783697,6.738962948826271,5.818549406421632,6.843227618522246,6.740413268934264,6.995130524527549,6.836596598364771,6.705159938809504,7.089748071521644,6.502039235362548,6.771196318551208,6.656099198538715,7.0104436700295265,5.909894174968246,4.768239640694227,5.695952342695759,5.978442112160004,6.19582507190741,6.243461196887694
19,,,,,,,,,,,,,,,,,,,,,7.344610624164105,6.621322628730649,8.714600615897176,6.193330417604877,6.822660174028338,5.354369843829262,7.4114022970833675,6.5244187589655205,6.295569015904794,7.250951451582441,6.928322941630464,6.970938594129421,6.860211081997725,6.294679650312388,6.623455975486933,6.65503081194547,6.964972193041577,6.731255288965254,7.518410530367813,6.624410390940352,6.16434772195086,6.152872824100155,6.426692935745991,6.179542049700104,7.093526738008973,6.797100690774417,7.622569144668345,7.160515909209632,6.423856387212286,6.545070215162667,6.550865170484919,7.069206210868537,6.864154777426848,6.461112405176889,6.226224367406267,6.9926540442475495,6.788145427278641,5.962856608202105,5.622428294547966,6.716285438452589,5.859752378107983,6.623858697158008,6.289121566224845,6.843620404447265,6.81078322367788,6.137207319345641,6.274420479182845,5.8045481658760165,6.553249841736855,6.508898855442048,5.299830977509412,6.067625157007014,6.902798405217644,5.42633018463922,6.712727304724324,5.662276981368499,6.14423695269696,6.304296211173508,6.9261910334957895,6.828448665275572,6.59269674804044,7.250886343807577,6.966939716670565,5.037644692975599,6.560353837448959,7.152657466714005,6.205634206171213,6.652116431725828,6.681776236814937,6.706803287197498,5.940285898460838,6.2062148404458855,6.620256935335566,5.83509244965848,6.244657874928548,5.502356589015452,6.302184820904548,5.587600219958974,8.523931930673687,5.397023916478511
20,,,,,,,,,,,,,,,,,,,,,,6.982395055322978,6.898710510714635,6.529741744778826,6.581271802328916,5.392452278208652,7.0354082894737395,6.9722035001974465,6.564163095203525,7.509623225005882,7.490832174419197,7.331087604344587,7.1594621787276145,6.786095870118422,6.68589472556649,6.919134836989831,6.851174814907842,7.124493694385434,7.985392269025216,7.074244536906248,6.6464399324328856,6.639627039244184,6.409641327586392,6.729376195665999,6.7501211020508,7.152645107088976,7.586171026276058,7.176398136541681,6.70985520227667,6.423445752945461,6.998368314119811,7.337528002391945,7.037993130516621,6.881874173464193,6.383780059520586,7.231961235352305,6.945701119392959,6.283688927456853,5.972262440513861,7.1237810090657,6.253093996993115,6.844899923346095,6.505500787750928,7.03522315683054,6.9292856313111875,6.177125048769626,6.660988501566762,6.28664037635804,6.876823260049312,6.655572942622144,5.749665123475308,6.517459302972909,7.389029468647633,6.008422395121244,6.641781963927018,6.119104134327401,6.594071098662855,6.29831441377141,6.866714833821307,7.5476767469891275,7.042530894006335,7.162174660303089,6.771122907131809,5.254023914501682,6.872876883883849,7.316732465395421,6.655192157860647,6.782327166610274,6.678469706375014,6.802864170088559,6.387789042095731,6.429587068964976,6.652633775798615,6.387257597955375,6.381494952371477,5.4182732587723486,6.371193780017119,5.8039794414850565,7.227722323997756,5.822623599879773
21,,,,,,,,,,,,,,,,,,,,,,,6.209829863291091,7.41147325805915,6.96852238033954,4.871831869227479,6.160968773688735,7.581520197425547,5.747388172302097,7.024548961732398,6.919098376276706,6.52513784566998,6.730010411186359,7.341347912095679,6.3437480415715095,7.185670663242336,6.761078605278598,7.046685449966405,7.150153615235223,7.3861770547655174,7.013108538312808,7.105339247694183,6.1473839180674705,7.4674307513406015,6.431535660129611,6.686477957022182,6.788207568113004,6.925823728849894,6.919641673054922,6.482967924080359,7.377706954902665,7.1100546212702245,7.18275098218571,7.104861306389394,6.702073861494595,6.7062406617782635,7.0965637587244,5.96302887411241,6.77957322733857,7.048555140562549,6.858691899208805,6.906484153884531,7.239416221457396,7.261963916290373,6.556432426193363,5.936695258147505,6.047381175263002,7.000518179441835,6.357062978957784,7.3590614610528355,6.541728925477395,7.188865166455761,6.569936985529605,6.676763708033851,6.40028060456825,6.993392941753155,7.312442746101796,5.473769489770833,6.742533140298856,7.0188937857248686,7.123762533805683,6.4708063020578885,6.310741365245188,5.8521740996427685,7.261920358058177,6.631027542053116,6.838549697136184,7.024740928171147,6.013249940083698,6.546289810855758,6.832909751549616,6.771603758548413,6.450165855591529,7.135448451677183,5.842579645498102,5.0698571500590335,6.17215390965661,6.225659038390848,6.233834355964994,6.216201811801824
22,,,,,,,,,,,,,,,,,,,,,,,,5.977457245100348,6.743595498298426,5.6598989722363875,6.856932755269926,6.106214584129989,5.680516044575886,6.806758828668701,6.516830176190907,6.526745971215679,6.62607334215047,5.883186884872831,6.411963210047375,6.351000489147869,6.771957992079321,6.5520205880418265,7.074088166178908,6.212917625500796,5.952854956511303,5.741380058660598,6.500382357033516,5.768049284260547,6.684515508767643,6.351200577324945,7.305888514091735,6.9254937320053696,6.012363621772728,6.451224508546639,6.139372405045361,6.625637099750069,6.641832850408601,6.049619639737331,5.919890538913036,6.48370370622407,6.281811598785409,6.0110741418114575,5.210935529108408,6.542229985197292,5.648259612668426,6.117524868664777,5.782787737731614,6.59986957449158,6.402039724196727,6.068783866285474,6.320307010461194,5.599766809832432,6.210798922511531,6.290694680606517,4.888338212069855,5.656132391567456,6.362057228714499,5.214837419199663,6.517432592372238,5.250784215928942,5.732744187257403,6.181653396367691,6.621564695538288,6.3825485518261,6.381203982600883,6.750596051479565,6.538471303010764,4.531310864482368,6.148861072009403,6.975080315591726,5.994141440731655,6.272094320202105,6.373710385778372,6.488604004772958,5.728793133021281,5.6975500096216525,6.611800223026939,5.423599684218922,5.956668525469267,5.721261196905209,6.15438397439603,5.081266391465742,8.34986608569205,4.985531151038954
23,,,,,,,,,,,,,,,,,,,,,,,,,6.372421779427421,4.8324426777113345,5.55126515316699,6.9944143245480195,5.439664613922702,6.307930164664604,6.985677413905101,5.991320391825761,6.951240120088616,7.4614830193142225,6.340027675105932,6.75536763143617,6.270711514130888,7.148162113769246,6.622161404109452,7.059036020657966,7.362970880098316,7.0666190527993225,6.143663551601892,7.493730596845536,5.709878987340276,6.424505163372139,6.4416840479366035,6.40796584409731,7.219410554894978,6.049360514156064,7.398722997652333,6.668739735124744,6.528563017151174,7.350016406953585,6.7857377175609574,6.752454011618475,6.779644169724927,6.248418132380035,7.149383440833074,6.861615254483524,6.877684626479749,6.989889652199979,7.37110624333638,7.275452356474144,6.128986844436508,5.459781747511354,6.248090912946989,7.318457810430309,6.203834328423797,7.192559818251513,6.878256712029815,7.513469308015704,6.6581014911136585,7.239344986006754,6.304934337155065,6.75245570570425,7.495820769119141,5.579638164401146,7.112917943961427,6.855228919443953,7.30445407994686,6.579005979019204,5.88651295249686,5.948274700554887,7.388446027663866,6.090294274935856,7.2620654305900265,6.70155293392266,5.9191186147140105,6.654489487817074,7.326504975441368,6.776844220728699,6.773752091451649,7.33775928132955,5.618655169423327,4.651453980029152,5.678750739626729,5.950543191558822,5.814884556566197,6.195049489768071
24,,,,,,,,,,,,,,,,,,,,,,,,,,6.055544722353838,5.947879970807553,6.674726051965328,5.372424883956733,6.368812167617673,6.8926595573233636,6.146812960035124,6.249946130368832,6.741151754602817,5.99535021812178,6.786154794227392,6.668921657253128,6.3495768571416535,6.74717814698291,6.721490238085827,6.321695710759514,6.292067373627423,5.763318381623929,6.818673107963984,6.0441683627677785,6.492812580462251,6.112574511197373,6.485888221935207,6.080142240226559,6.217754054982128,6.607048654688347,6.61421721612827,6.7733733884266965,6.670058150890666,6.083200885595772,6.285423602437894,6.567750933669895,5.74131358466585,6.045687654943593,6.793679682615744,6.369619346632844,6.118845872033166,6.100281192080756,7.028047441859437,6.124736976541021,5.824602665253879,5.761566350350817,6.174342179736991,6.169736950293646,6.579536121064995,5.979942865263039,6.7387566730392585,5.953986979916688,5.865222687296441,5.890886559272662,6.4514312808491,6.478074739356266,5.293113601804976,6.228543918999664,6.641885630953381,6.602430113205983,6.092481416423032,6.139127889006305,4.864694148979977,6.481216116031144,6.263794472879205,6.1198749658535485,6.2371026463197845,5.63259405211784,6.109121657820779,6.4203977862144646,6.006150039273315,6.079943318429193,6.825875308389437,5.121879014802936,5.118974724876347,5.61350449418266,5.644576738148479,6.92936960859651,6.351408049943369
25,,,,,,,,,,,,,,,,,,,,,,,,,,,5.776736442376475,4.749937680646569,5.140879365493347,6.0313688202720535,5.6766609415133,5.58243097609537,5.2110536325896115,5.176977167605758,4.991661093660545,5.243884003718022,5.374867412528316,4.759076470612786,5.210780939564454,4.833105347571495,4.7753615946841395,4.542510997163428,5.396391820153899,5.063822307776371,5.620845525409799,5.581940886947736,5.49975485340687,5.477312746653048,4.321503923311902,5.480574513284001,4.810642360845508,5.101412849097837,5.43085592599932,5.256191314579853,4.254252309967582,4.825559053600335,4.716173369839954,5.265542718534692,4.576328146162534,5.735926950043805,4.772928835520783,4.2864757065664545,4.117149508786159,5.616945578507883,5.080792336913534,5.982614356601626,5.373781735065582,4.379982670955931,5.53814476895031,5.182655856632251,4.598155949773697,4.306401826262862,4.924178148332976,4.16853217618438,5.04837738847587,5.23880674779641,4.906384228244205,5.201955429740694,4.96177345516382,5.650591805185458,4.86147508143031,5.132885340755072,5.502394171235289,3.0656726355369135,4.5191146717662125,5.468322997312188,4.500782120492012,4.656714611808615,4.9320500339640265,4.941907412474222,4.7320480782069785,4.131911780676198,5.10494260898508,5.158961757732863,4.686417522455803,4.942988471298088,5.544873042142624,3.8656281625202875,5.855409797505322,4.906708972119556
26,,,,,,,,,,,,,,,,,,,,,,,,,,,,6.303315975432742,6.882971759211954,7.300709967100794,6.510159105921892,7.566290089184565,6.275240461683035,6.147135407538845,6.202071594357122,6.515114510789278,6.931219540625899,6.109870907835444,6.970584689997236,6.3798103570213875,5.775221405337179,5.963746507486473,6.084900595074183,5.923568601723163,6.810873707844876,6.6600933231281845,7.446770259525358,6.999267250047108,5.676925350962319,6.123685834032856,5.894891722507977,6.914963947254971,6.8146337300155935,6.250758550134975,5.860909175538337,6.4106420916820035,6.698079441146224,5.733153512315606,5.068785848902025,6.6667439401835615,5.4061099324620425,6.219396251136687,5.9667975155763004,6.314977958801326,6.879586810285163,6.421315560416743,6.158330113946262,5.58987519414218,6.954401494161086,6.078472062585263,5.046188531863472,5.411651709030073,6.9791089593938285,4.80494580350941,6.505630720649477,5.3359655380535616,5.89059450705102,6.248397391978634,6.515252826260404,7.328956771725843,5.936723300063498,6.729501962677768,6.96897695788045,4.8009381514463865,5.9413004586501525,7.482601633819377,5.584249825041402,6.505307682754336,6.716632453373819,6.3200079729148175,5.293636459807906,6.083890789797339,5.9020983606573685,5.5884430110055465,6.81488382277533,5.915412751850294,6.59767552819511,5.590276169310428,7.211036391474017,5.012559604526834
27,,,,,,,,,,,,,,,,,,,,,,,,,,,,,6.201285943641208,6.751708099536757,6.7447243999681685,6.792645662877201,6.582873504158847,7.266920252226978,6.411255858778731,7.122209997284834,7.1155042718805115,7.326337665620199,7.010646086372918,7.494277250395639,7.144263427967057,7.836786700415575,5.995698391371341,7.565762101546052,6.348231153717801,7.121727709713275,6.774028122811043,7.146318010474834,7.310020285315691,6.333119137904997,7.227081832226701,7.322015827503427,7.156159352024383,7.245130637024733,6.645541628798303,6.741490414469355,7.334144513746494,5.818222969415901,6.710113101841163,7.227476603765993,6.537387934246198,7.558982221299163,7.298335317518537,6.613447803772104,6.644802554782216,5.479418331499294,5.9002442682354905,6.994754230098469,6.442184136446402,6.954193052419898,6.840456961273198,7.237874969664896,6.9839883287869915,6.669287170734008,6.637861359590344,6.792269946903606,7.962959476227115,5.509019242461925,6.446780561987616,7.10867694787549,7.394306404143834,6.5060560547489805,6.782911187114414,6.3247532197305265,7.322016487854616,6.803778982950562,6.729631056562143,7.2678052920344305,6.080757757290919,6.606628871730137,6.547124437502721,7.373863424981258,6.303028948564016,7.2337798018826325,5.772373722307017,4.8339363570415275,5.938003191779046,6.286473452596254,6.136930486199866,6.231276025614494
28,,,,,,,,,,,,,,,,,,,,,,,,,,,,,,6.820959332404841,6.03484949415248,7.12208823160231,6.179050881342856,6.0856726967133525,5.811764366958118,6.288772469402,6.4200234521220905,5.9041694801193385,6.4536530081220285,6.419544450869913,5.649104762811872,6.035298862630165,5.635769838263415,6.034090430778956,6.644898086454807,6.6462566839644746,6.497681785725364,6.431319157428928,5.703752623831141,5.579595641126862,6.072674744907523,6.7172708970508115,6.271643408347689,5.991422755278718,5.866231221566315,6.253732175817091,6.543430698705615,5.393611796600728,5.448899873632574,6.031210482611939,5.253427825041101,6.259375508335224,5.928296625006556,5.682209255051424,6.291031572623279,6.020504508759917,5.820920600982236,5.591702441259761,6.65450188350714,5.813713445373784,5.114382513167128,5.589434731429618,6.935126464973219,4.813484460022964,6.147120846859062,5.040501028404539,6.136053232742707,5.901663869690598,6.250412708318531,6.72901846196643,5.946664854182687,6.348783776374654,6.946525526688503,4.978721173845933,5.984428182010838,6.5645552092310355,5.67984106661903,6.340509132121032,6.432839281695504,5.9958109066585985,5.389227701385534,6.104647624857392,5.677006490280538,5.69691543532737,7.114109267656157,6.1061937227919225,6.432955973787536,5.591158840384519,6.249732515482357,5.264671966151355
29,,,,,,,,,,,,,,,,,,,,,,,,,,,,,,,6.911638760090826,7.532723810950661,6.779940661273207,6.849822872162164,6.585936800231205,6.739813805135828,6.878998086482761,6.5799176420790815,7.361549173215877,6.707726209400714,6.247663540411222,6.4338576402295145,6.471953735840827,6.893860199162798,6.93390821925469,7.137371125261163,7.4114621502434765,7.101705268729519,6.174603159294326,6.459410157707263,6.431849986614279,7.119923018233131,7.030770071764648,6.537716814241277,6.107351545950005,6.791786530308719,6.669272605822379,6.15479571992938,5.805744113008327,6.901032301377243,5.943068196568344,6.304985875701747,6.5035820781019185,7.023349487062827,6.595021003490242,7.02103591226731,6.545383254712905,5.887863984336378,6.856751269678776,6.866724477823979,5.3831467959697745,5.948609973136374,6.9772773843154,5.409646003099581,6.544155040922734,5.747923802159862,6.4275527711573215,6.250402331058839,6.944896867911997,7.216327831162672,6.476012566500802,6.8754498891320415,6.868488131376964,4.918771871519337,6.339955843232508,7.131560987645891,6.088950024631575,6.488029751782477,6.5804969352821745,6.670648180237144,5.8236017169212,6.085011016658622,6.32140956594014,6.551741601452174,6.706579163218397,5.958295743128643,7.118935217432304,5.468727398502712,7.331501383061369,5.680339734938873
30,,,,,,,,,,,,,,,,,,,,,,,,,,,,,,,,6.9156252777335325,7.146959807411709,7.327281037999897,6.578852177550862,6.934012354244685,6.440898897393113,7.001079179433245,7.552126629391599,7.032701269288554,6.629894004071703,6.605178632481836,6.520234234225253,6.846102736140521,6.482359701722419,6.878622035376205,6.958887606111908,7.0068683627245125,6.605455515132874,6.219200056957964,7.049159993816229,7.135387010410628,6.867033854978809,7.223521260068207,6.315087359998213,7.073564059682849,6.871418309021353,6.331785044241808,6.480669535651563,7.272825787056419,6.466870637644248,6.619413952368422,6.402786086359214,7.398604926859125,6.392853353092799,6.082188105205894,6.480160166778549,6.481503470945684,6.858999850541404,6.748341531184733,6.414327093480846,6.873787573089943,6.853117944064821,6.3752045680044125,6.476696014186617,6.6106513039313635,6.820314684580366,5.846619805928615,6.7760417173773275,7.422798586524926,6.849364035504106,7.02555986648974,6.642062086129427,5.172345027356947,6.772781583136565,6.857842820021988,6.750560150465714,6.490790219575544,6.298362205983944,6.694931112734734,7.000610085915902,6.305491716476911,6.819790087162054,6.984175544346299,5.913860007788001,4.811265497473655,5.959243708015039,5.72230055434032,6.547546078260782,6.531696312843384
31,,,,,,,,,,,,,,,,,,,,,,,,,,,,,,,,,6.83794604493182,6.655065123318668,6.601189259013882,6.683225530706148,6.832262103321347,6.674926146494215,7.150395358241132,6.938154186284185,6.275760514963692,6.526470743814242,6.441227180981531,6.488623840381933,6.854064901369597,7.203938918755326,7.330230864074374,7.276053219459305,6.235269180225117,6.254111147827729,6.466658370562722,7.376530184318097,7.017333816779596,6.565813788793746,6.181045185432127,6.841943850836088,6.9429662453045,6.121738162739083,5.633841087560797,6.779033093794695,5.9711651711208145,6.591969916146651,6.243942384250705,6.465685943815944,6.71423734757148,6.369595325761995,6.4744259056038205,6.115960958888848,7.573469716918552,6.53492265414748,5.611243770522244,5.976706947688844,7.248440140602277,5.337742977652051,6.751777736636784,5.676602395740554,6.48790781022592,6.255074722587966,6.660886214457378,7.817023896023692,6.501778538722269,6.880122280661169,6.87316052290609,5.1924655110014575,6.443576544899756,7.546503056157078,6.149305063700172,6.68700954369111,6.6241388007234026,6.674003556491163,5.849367689142667,6.358704656140741,6.290683011080846,6.148836245002313,6.936044976191993,5.687935692520721,6.635236566410859,5.742421037984832,7.115264672868793,5.540694774007473
32,,,,,,,,,,,,,,,,,,,,,,,,,,,,,,,,,,6.9948822108889575,7.188731622055987,6.706336762194386,6.506176115704778,7.416091774515223,7.14592336725601,7.089257434848678,7.30489935994399,6.707874910385348,7.299115301033403,6.812039619519478,6.403424396314917,6.887110290041942,6.719194560920806,6.768006733472393,6.891248243598794,6.176635518472687,7.2348403202801155,6.901565734250244,6.844373069110027,6.9442648261072275,6.916143016403902,7.566736006968957,6.706219416082102,6.796034100377783,6.284136785068452,6.762198510297026,6.73607187432107,6.64076525676643,6.577269798317854,7.179173718432148,6.490661422224889,5.68859776653492,6.967385830187715,6.966256656396505,6.4200016091744905,6.840902636590536,6.0615394680299,6.749332742283879,6.869896392352636,6.588038675159707,6.543436696036819,5.899713627228792,6.711770685935894,6.595679932184399,7.558345417151559,7.130473260082098,7.106669874702342,7.608965119946378,6.365776484444908,5.325792925068609,6.782729201685352,6.589307298640181,7.380319885751863,6.914919622876985,6.787736921595077,7.202969062455748,7.101994388981325,6.278439837198183,7.30516348619939,6.577383464450811,5.779298402907852,4.780614864009528,5.784101670869507,5.60333268963051,6.519411901791715,6.04108534817547
33,,,,,,,,,,,,,,,,,,,,,,,,,,,,,,,,,,,6.700309142730999,7.026810393819002,6.528674564146679,6.8073105882659615,6.948986066424226,7.367445430223512,7.015517264222663,7.311932952586364,6.47168695471083,7.794368973704351,6.008350588347871,7.177771284927677,7.419731180420602,6.906437445104904,6.846798902084534,6.030537033610662,7.144957019915605,7.408621528303834,6.9415728838268915,7.0541364400347595,6.680846325392104,7.030543698421623,7.055404646792319,6.466852494393081,7.137692501290293,7.208759066975578,6.828249195973169,6.866582582038527,7.507883518618316,7.134146924977976,6.854370073261755,5.960783150430102,6.466525274960036,7.2193526175099,6.757990018820813,6.962557119195415,6.929144731281198,6.924303906835909,6.766484453926248,6.633075378082564,6.6861108566096625,6.549960015956583,7.462756891026963,5.7980725264141935,6.9357137200186365,7.266642648605858,6.738280237989746,6.7951093387012484,6.530190032956509,5.8974779044067684,6.81703759144745,6.644449965332872,6.87571603918335,6.779706422061185,6.376522450639159,6.825181009102627,7.129064370631466,6.825668244397632,6.794517455795697,7.862419076640507,6.108294730788086,5.228464393822134,6.204139229482352,6.100624050071656,5.913902786942707,6.975884087573989
34,,,,,,,,,,,,,,,,,,,,,,,,,,,,,,,,,,,,6.235308623070819,6.249629208961342,6.960986690184617,6.842114324443675,6.7515207584954915,7.413064018642032,6.391244422334,7.560859079467104,6.5984961722057935,6.5986328434663335,7.019350319763402,6.677445746397426,6.8631238929812435,6.764558987777134,6.528706172951832,6.657113226658425,6.799102511208605,6.363209328324584,6.508862093651458,7.336678370763319,7.614130928748221,6.733331046405947,7.175327835237174,6.157305652394366,6.17612672641579,6.894629735954384,6.3302093648290025,6.486734369818171,6.680531852980551,6.49905839097806,5.516479739851266,7.217506101684031,6.846136933118391,6.267374147311225,6.907549335542056,5.695873383899502,6.14483170669717,6.445002003162358,6.267918951881594,6.845557472965948,5.495212591642084,6.307269650349186,7.259113495287689,7.315754672025971,6.727616552955443,6.578641161808265,7.48539159381971,6.696860054798824,5.2352574965689245,6.459935708669539,6.688861318953992,7.034025643485711,6.8539102547711215,7.233737976724465,7.494570499867996,6.772832253976237,6.1879044086985004,7.229884735335699,6.372882428864102,5.9259925810640794,4.902983535321186,5.575064600131017,5.603878855058719,6.189005323685776,6.02532438738473
35,,,,,,,,,,,,,,,,,,,,,,,,,,,,,,,,,,,,,8.00866326511867,6.875337702294171,7.058064345902894,7.45706840868224,6.761686165394845,6.904712729288846,6.276152486411714,7.065416321670859,6.344417865713725,6.740161383210938,6.654183780688121,7.024388419215903,6.564644936729987,6.4251723996207195,7.130566289659593,7.134715417300114,8.169735874997144,7.3209486081176385,6.230924646220627,6.500978172022483,7.006914419575666,5.896656865608766,6.560024415384072,7.526414766204062,6.2457216224968,6.882712946568273,6.6441672887782435,7.037377543269136,6.696294769332701,5.985483497577791,6.19402883818125,6.971991998812318,6.700887417128554,6.772853306896096,6.436297501179453,6.862577350180429,6.9238756300456,6.207855456458792,6.3471282955718165,6.685564257181241,7.467861869680928,5.607812950088967,6.470739509217646,7.0329479113571765,6.950201763133087,6.482702241434349,6.554446689170162,5.814711031999354,6.843891048160571,6.898574516162831,6.8808445431026355,6.852571336654698,6.083377245058545,6.479946151809337,6.448308861112088,6.824402695055854,6.379540273989519,6.730107378746059,5.914423489222577,5.334121664165888,6.366035057876242,6.070548911923906,6.386096798282716,6.1322316698260675
36,,,,,,,,,,,,,,,,,,,,,,,,,,,,,,,,,,,,,,6.85863888062087,7.183322285284954,7.025758663861491,6.585078699453945,6.775934803934242,5.917781057289528,6.713571840340267,6.606327648780982,6.718077087630601,6.885642073136472,6.983791466085044,6.519040709595215,6.070572192581926,6.504043965824814,6.9546987367569795,7.970749362560834,6.945204911098872,6.10033624676664,6.408175960583581,6.996846373486143,5.3438768827492265,5.734430619299626,7.336187257877827,5.782299060462825,6.9778828211365065,6.633821680879337,6.47042348821221,6.754050831512741,5.729215061797286,5.653109751398963,6.339890149071701,6.123506470988689,6.3147050682769805,5.888303890496367,6.258429072324972,6.9459282343734765,5.621514507022148,6.326005643787575,5.99192636494369,6.93737187034592,5.627782150742529,6.549033862551114,6.703586586881515,6.777816402534903,6.529219723506367,6.591582787701,5.58234480763009,6.6946652256861565,6.740670748254132,6.283171469730611,6.987011963596761,6.065520023461285,6.124566804496525,5.773486632646202,6.748583952769373,5.821180610963708,6.36474183323367,5.900747875110135,5.614237987886931,5.958486875776634,5.720535628731111,6.866433176951287,5.26635924295397
37,,,,,,,,,,,,,,,,,,,,,,,,,,,,,,,,,,,,,,,7.27817109892378,7.224264857460672,7.482228746959142,7.098667242877538,6.505664545204132,6.92004413818357,6.306432156944655,6.804008193330288,6.7529869953596195,7.019199166561566,7.450934431580365,6.569813784251101,7.23942246594369,7.179975878763808,6.944414878136172,7.090532206040853,6.943312199434777,7.256287833990484,6.967385083941788,6.312190168263142,6.214212221268986,6.992917981569435,6.45741865777018,7.31602003042297,7.050995438353837,7.086845930076176,6.67074549349294,5.253968054618379,6.296542469413733,6.955155622008802,6.212935682504488,7.09448667024634,6.226909021877491,6.956217618114939,7.070649219468978,6.753408229007299,6.430774390839203,6.376951590603274,7.0713149970650395,6.123557790595067,7.138375573230863,6.8680550798755995,7.711881963154453,7.222925605213123,6.460529666069423,5.79718756277359,7.330651537848357,6.664310988508419,7.201458418293153,7.414892606174634,6.463038240907931,7.016179890637972,6.8569943309572325,6.9742201370803,6.899327149742261,6.582404192927768,5.6200651390769,4.862210298083254,5.512552914898131,5.876554854462847,6.356420700638017,5.794690196140708
38,,,,,,,,,,,,,,,,,,,,,,,,,,,,,,,,,,,,,,,,7.164333193905873,6.73652858943251,6.727384693912807,6.373173558609645,6.821795854996626,6.996062638163939,7.134670209519119,7.395728137446731,7.347523470596317,6.863779190177807,6.744892430445572,7.088456971119435,7.40677572961324,7.188296053487662,6.93627529492742,6.645312176655697,7.253041611262365,7.246484308037207,6.065132009299749,6.062351097513485,7.189132239308123,6.340851651661739,7.108763042812208,6.76703290488604,7.1786475099960905,7.158908878441826,6.004777719449438,6.345164291812666,6.344470968841536,6.644261664757709,6.745661599621768,5.839753780474933,6.607547959972534,7.265142166267109,6.068583989935741,6.8043200586098775,6.202199784334018,6.684159755662479,6.145445258743633,7.095569896537294,7.300731256522274,7.130288548674958,7.3424820710306875,7.014675198734118,5.515556031636793,7.10027664041448,7.324330837501489,6.711924281654876,7.042207760200653,6.653177534256107,6.836779519320071,6.477877699095356,6.688788183769084,6.735724328118257,6.477346254954999,6.215511147984699,5.432077904145027,6.19651544836593,6.065511558620168,7.005794167258684,5.880454192363269
39,,,,,,,,,,,,,,,,,,,,,,,,,,,,,,,,,,,,,,,,,7.171577873890943,7.3710973567653015,6.470803695384148,7.520590566474515,6.454381779467698,7.226508738462292,6.948473099665719,7.352468636224732,7.009745607703877,6.5937864774296315,7.682457110546896,7.5953138256983515,7.267737524251381,7.3236090914350465,6.975612447220153,7.163947095008032,7.585069988875583,6.404638046040698,6.756351236940946,7.078692754592486,6.752821170621834,7.412169287646077,7.087582974000053,6.950841768442356,6.8934909524004935,5.679085248496235,6.436903090899211,7.211073847995024,6.963607090866785,7.212185531751323,6.733753919902393,7.098452470564185,7.155872474411682,6.432855866758228,7.042012516693651,6.706885970722083,7.653093637146969,6.018528508064676,6.956289827590367,7.473760402322215,7.4280343168513046,6.988168060077759,6.918068329688357,6.0909006212987515,7.282356330406947,7.089904128734102,6.986657206851257,7.47193132649263,6.585406218651513,6.986710115809682,6.913054309111052,7.257139766438034,6.848987175231549,7.146416067574032,6.279353185998614,5.181934088403445,6.1876038250817755,6.523209089458597,6.243633527570672,6.368895282153912
40,,,,,,,,,,,,,,,,,,,,,,,,,,,,,,,,,,,,,,,,,,7.216468156218361,7.347978872015384,7.239310983919254,5.971782654446391,6.688867993483335,6.186079428345225,6.605853090152936,7.216762332298559,6.089620576479211,7.237888740017167,6.764298800024178,6.802861141481951,7.136488303203937,7.523281341935805,7.6893581891295115,6.884221561500182,6.88583782687765,7.089943317695144,6.974322253126384,7.083149754196338,6.8324807168541275,7.1339886627935325,6.814418372929829,6.2924191256662825,5.056891650270831,7.132708582023077,7.613144782951089,6.082437364608619,7.047845272610917,6.793816588891886,7.01493571837917,6.6329525731556975,7.152573860537822,6.3451943994782125,6.334332267222702,7.330212855341569,6.750078473834361,7.125841893734961,6.908103122832014,7.150819523849472,6.987448388827327,6.095953101386032,5.9403919470016415,7.2312466296904905,6.304114830889999,7.84370096192842,7.098938519124754,6.964481093700267,7.50181735291021,7.278999331041719,6.826265276976383,7.117279676430398,6.94216092656327,5.460172918132033,4.499683138133832,5.565476510550585,6.114990535092954,5.78357085858118,6.081555004337133
41,,,,,,,,,,,,,,,,,,,,,,,,,,,,,,,,,,,,,,,,,,,6.099778683405259,7.733257912857275,5.925718689748553,7.095139386328361,6.372273528163517,6.888321675537845,7.518107089278416,6.15786800042694,7.259186348320461,7.159711979170201,6.944859464900086,7.180203170578862,6.639580645741634,6.753737042540752,7.188720333661646,5.9063043064642695,6.814601772391347,7.023965349756019,6.6095926624975005,7.752442433735469,7.331733780875778,6.36705164637686,6.329283097805975,5.534176774717408,5.99065660761486,7.099217022865901,6.2995867670879075,6.847821425240763,7.306005891354698,7.363937395329165,7.0859938043372495,6.816474637379871,6.782366052177871,6.46221672046911,7.8209734253349446,5.553523935049451,6.459027190059013,7.0025835276423045,7.058787852411219,6.552891749667508,6.486809205866328,6.613753036222947,7.29718845618635,6.515855585828446,6.834093849329575,7.026707988026373,6.093004385362316,6.593786191618248,6.621660168085025,7.543403812651082,6.393441287943387,7.3693770530601235,5.614108953434196,4.579165828556151,5.79365643911777,6.223674297072684,5.769764958399472,6.285270476369064
42,,,,,,,,,,,,,,,,,,,,,,,,,,,,,,,,,,,,,,,,,,,,6.369250383082243,6.537729693209578,6.631720844935097,6.534393351108079,6.702115484268487,6.311029674069862,6.264697298671863,6.448012825680505,6.497531057672597,6.346302253136079,6.299957149214045,6.866412705462227,7.490463467765737,6.235515097785284,7.60700765285802,6.180359004618481,6.154335246526294,6.717683088178499,5.776933854192171,6.003762638184896,6.499697949078634,6.058801388882751,5.9352620871761665,7.748556147511868,6.694736940462661,6.349018870992207,6.606913834136219,5.6995092603954625,5.94836023370555,6.038036359010498,6.316518959225864,6.8174590156358565,5.423848468138043,6.143163591361274,7.605225633333045,6.911868959002875,6.606900980988036,6.14863151014339,7.092831270152483,6.438068255972505,4.7522857649356505,5.976963977036265,6.680798680371944,7.076987735033674,6.290057694214829,7.335630967045737,7.489450706918487,6.602597015596325,5.704932677065226,7.428828320355447,6.150446294526375,5.885578787023018,4.847925774212592,5.858123990468545,5.088649058909316,6.03378163552419,5.82896026388069
43,,,,,,,,,,,,,,,,,,,,,,,,,,,,,,,,,,,,,,,,,,,,,6.152387915348504,7.35406667644444,6.739269094089808,6.85718618150151,7.325994784118417,6.308152572603285,7.3389273271010245,7.143878945347299,6.916141483545776,7.318721546738529,6.5666606343041956,6.73106173022742,7.186393421818996,6.295632222085319,7.085903521688667,7.201424933645731,6.8853371598573965,7.2194131515134545,7.37465587233846,6.944160880724809,6.519032254227791,6.103685696696397,6.195146502353772,7.2195606984744165,6.491236073038847,7.0149950346131735,6.880953263473643,7.460720653727119,6.9548583103009145,6.807452470603451,6.989035481271126,6.587307817285751,7.747304831278704,5.728517620405117,6.797281270933138,7.102532368000125,7.031295553261407,6.5255544326921715,6.741074491320401,5.9898456657558805,7.131028732225427,6.48033968472714,6.860378118997497,6.944694483195846,6.067998070717981,6.574655472192237,6.724959535035244,7.041766593671653,6.5098871955015465,8.721541760313505,5.97411151236748,5.035942581037821,6.241465147087009,6.21477263762789,5.796434183999422,6.891281831572704
44,,,,,,,,,,,,,,,,,,,,,,,,,,,,,,,,,,,,,,,,,,,,,,6.6871339518140305,6.908239387569072,7.072852245465596,6.226430515465658,6.576183808144609,6.178505556681262,6.811702990125093,6.651128891513198,6.284372384308261,6.08537762148859,6.496463551368457,6.670608704670988,6.025331448613194,5.552399683075312,6.27505837405712,5.834929246087384,6.268421018462842,6.154986229703141,6.3201668694275455,6.602900167852679,6.055966040341268,6.13456431726293,5.634519554403362,6.364735238244154,6.32982783224242,5.12980236603676,5.795265543203358,6.479139054691182,5.458632575497568,6.775202145135412,5.592248369895844,6.0064664057404356,6.341965581885438,6.592898766684829,6.550739990831315,6.322668136567784,6.811210922686407,7.005476047473368,4.886882987950676,6.197318232969314,7.015132307125094,5.835605594698559,6.459613352885016,6.52485280881902,6.479331899809988,5.567926284657182,6.067699096859211,6.295923767431702,5.812600319968882,6.066568198877447,5.177252766406319,5.977080998295416,5.78008680737463,6.5000530643474255,5.732061488010987
45,,,,,,,,,,,,,,,,,,,,,,,,,,,,,,,,,,,,,,,,,,,,,,,7.1377984774994925,7.561752344399334,6.868453951771494,6.7301018174146225,6.893131732713125,7.584212157230101,6.8634000838026985,6.799728839805563,6.630644756353178,7.217012364667446,7.380722966518624,6.5887951331139645,6.467025859107174,6.799718077398023,6.8043499426671925,6.8631468674482585,6.6935419551717565,6.471398599134655,6.986692411530452,6.206759533138457,6.523509610458988,6.549145730435226,6.839016656872217,7.078470667419439,6.044428542068622,6.409891719235222,7.111752384684844,5.970927749198429,7.379728254687504,5.870200571608884,7.149999565799858,6.645624866081983,6.992077198147644,7.468294526436055,6.9237020795899396,7.087537024629427,7.4753472212537115,5.642065081922509,7.002665624120211,7.187907744025493,6.3918826809019516,6.910859774318046,6.785105316394848,7.0161067341096475,6.282552460689044,6.730634324149172,6.665044253215458,7.020990490460791,6.377302900439169,5.5813292494732245,6.265344393418208,6.514350705993262,6.479285116972969,6.341621481037721
46,,,,,,,,,,,,,,,,,,,,,,,,,,,,,,,,,,,,,,,,,,,,,,,,7.534920321046164,6.466285516988638,6.4514392716426965,6.570265874548281,7.295894908077888,6.677422481279883,6.4483179650533575,6.232470102168179,7.0319331399966565,6.957752690459452,6.405332206263067,5.5441600009423295,6.690806419683087,5.881484084502349,6.791134958007818,6.58973116040799,6.934789748665156,7.490326495125678,6.537853458676295,6.7145650749128025,6.026279872270381,7.228674729519371,6.857252485773774,5.521562683903777,6.0870258610703765,7.260186444748996,5.448061891033585,7.1832452996993945,5.6409278516973735,6.365968659091324,6.603255985584771,7.079806221330597,7.334735341568861,6.621421461427812,7.2615715123444735,7.361734990898903,5.204920953825409,6.589078550836331,7.762740135545679,6.223966951780816,6.811393426810225,7.1063011495203074,6.760793058107992,5.962017604855203,6.5781531059577,6.812766630344733,6.390157489386178,7.339194870272332,6.17240295761969,6.96856066150489,5.754876480808784,7.2034516689977925,5.451013687389005
47,,,,,,,,,,,,,,,,,,,,,,,,,,,,,,,,,,,,,,,,,,,,,,,,,6.6245173722226935,7.008138588921863,6.8765924134382965,7.794462080481519,7.11584945246872,6.853424244544909,6.602120028011127,7.144129906392897,7.730917943437558,6.5811553143770904,6.050486539832345,6.896818645310532,6.333016102844417,7.046990031126037,6.665017226829705,6.719268761155556,6.93865552133794,6.129048255940556,6.705473257022509,6.564864475676525,7.205831051393281,7.160172753515582,6.0278892227937915,6.393352399960392,6.998895239402869,5.7543884299235994,7.495589735186918,6.132082799468413,6.972295197981339,6.447579570497377,6.707463294282165,7.341864790570184,6.927466402720792,7.200279853410397,7.450108220900127,5.613540353580458,6.866982389809757,7.705980698195072,6.361331295788494,7.176994693635531,6.978017609083265,7.216644923178198,6.268344143745217,6.779779498719741,7.075121362663696,6.508356174394913,6.681006988157342,5.878209744416154,6.548663642308205,6.163495880563832,6.679227137063934,5.925082161762891
48,,,,,,,,,,,,,,,,,,,,,,,,,,,,,,,,,,,,,,,,,,,,,,,,,,6.326321761627916,7.283982484517578,7.032827745033183,6.610249303124547,7.003834655224973,6.824607771429505,7.0567921586140585,6.985058343953763,6.144952557402844,6.760681865091029,6.653499373448561,6.62827549492321,7.555663061543391,7.339877448353992,6.605699897315435,6.411441275395932,5.276050832107596,6.029304858553435,6.913039051049455,5.905976953510354,6.92568214931776,6.7167918664073225,7.207600938628985,6.919858498691095,7.260807130760267,6.7554818180408525,6.304721349853091,7.269384520365631,5.921977696250428,6.8574080134451165,6.579245451459776,7.197129694968009,6.957983982449584,6.248269960074299,6.2025020455583455,7.491304520983679,6.252051282513294,7.048331382512988,7.0350934033805075,6.261458146563292,6.763752837554219,6.856731083737632,7.099471874858968,6.632089538881963,6.966775928983269,5.426194193209279,4.484539658935261,5.334635692387349,6.04771742405514,6.0511062178532615,6.256549040787217
49,,,,,,,,,,,,,,,,,,,,,,,,,,,,,,,,,,,,,,,,,,,,,,,,,,,6.694876712298884,6.98257829812985,6.306497762408732,6.059062235531345,6.287418960093401,6.347897887151037,6.58302797777193,6.184138658168253,5.926263531977295,6.127154217473377,6.36707855676577,6.444854802206052,6.21882799948967,6.521104696093305,6.593343659013479,5.948615466384535,6.095888219592818,5.994744738804016,6.397350845205407,6.971566184016695,5.439282653294905,6.0081313929554545,6.156429500233083,5.63838460015074,7.250726919970092,5.67433139688002,6.158622370539482,6.2395788925198525,6.494206828986773,6.318649822802468,6.752849946056704,6.632747856297641,6.910659437664154,5.818065265162684,6.54995031956103,6.824234205076109,6.016674150331765,6.465513119752745,6.233853863380662,6.767483660318016,6.004803832189301,6.092152721867762,6.55346742046929,5.92718523940898,5.663483501275657,5.483122102691001,5.9508980374301235,6.032356456481724,6.062478681161836,5.994970978156649
50,,,,,,,,,,,,,,,,,,,,,,,,,,,,,,,,,,,,,,,,,,,,,,,,,,,,7.119389840253478,6.882895132734401,7.270997734871165,7.029662863438485,7.2628281537749935,7.268904460868328,6.377447824302056,7.032227459727382,6.740552189739981,6.860284822900616,7.271740100370906,7.1684953509125915,6.97936111800196,6.4085723178870815,5.417652787858144,6.3915283880576235,7.144107222300285,6.641690733509712,7.100521078143234,6.700041101592939,7.527765613846748,6.977654732493321,6.799143048448775,6.729813327795675,6.666157806343102,7.478214865050203,5.917409566831638,7.0595512934223,7.068383888993381,7.383538640461755,7.289380121175721,6.418976454112768,6.313363608024739,7.54863286050759,6.613715364824788,7.333778569311904,7.099110710290827,6.511684537692448,6.944724408464509,7.250246223994808,7.055256745680584,7.046776586603094,6.979245895641665,5.776484861462795,4.6689389968587225,5.798633016730271,6.4091786438602,6.170088307115236,6.509551999438775
51,,,,,,,,,,,,,,,,,,,,,,,,,,,,,,,,,,,,,,,,,,,,,,,,,,,,,7.282755344062965,6.88853510541535,6.878019925566338,7.304502992054724,7.597121326100983,6.410109045268797,6.308929428528775,7.4539257616319405,6.538995473323904,7.330318949358309,7.27425045771825,6.919898859570448,7.166055970389461,6.076165211594346,6.5267194109355176,6.855565428889085,7.006474152445173,7.142145053976719,6.386332111490222,6.642067345365902,7.328760055195893,6.045089383136158,7.456561501043833,6.403366276952816,7.13073808667777,6.2865643308662,6.886890030480297,7.497561386373599,7.119635150639047,7.210227514413237,7.267551368900696,5.889440251135669,7.1519246990919445,7.549066006838708,6.5769025285386835,7.339742190049086,6.793786716662935,7.228509568096382,6.524456030110647,7.055679396274953,6.814580915215621,6.788916173809114,6.485402681679034,6.110225711932005,6.52988926763194,6.471653842635172,6.634240950090811,6.2157831149754506
52,,,,,,,,,,,,,,,,,,,,,,,,,,,,,,,,,,,,,,,,,,,,,,,,,,,,,,7.1192102517756135,6.232474910327034,6.574084356728305,7.049836385438072,5.7498175878519735,6.208821186638806,7.510056060696046,6.2002689527121255,6.8242077403600945,6.607579874350885,6.864734453733899,6.728713787323958,5.965446106351397,6.019792300150485,6.741005777042504,6.3829531683319525,6.708036836816428,6.152367364015509,6.466727169589593,6.876652355395738,5.947312143577193,6.381878315894074,6.30403138029127,7.220983399527177,5.641414580465849,6.559018107924413,7.054233713618592,6.854157823495779,6.528411165866197,6.533987678996088,5.595481045201927,6.786617782855215,6.889488920046732,6.6557599804745164,6.897343907670921,6.014636324152346,6.450174704815239,6.195804993085937,6.7056234998065785,6.21128087011072,6.583163542951978,5.803006890775477,5.308461579325178,6.211222163723924,5.910142454538243,6.724241763898364,5.802749819699205
53,,,,,,,,,,,,,,,,,,,,,,,,,,,,,,,,,,,,,,,,,,,,,,,,,,,,,,,6.476982564015181,6.774531642603124,7.12826067302008,6.2046987935302935,6.693397516784327,7.273518412466524,6.515798311077464,7.098530725447967,7.076002936935613,7.165774896155765,6.301976607179359,5.698610808815003,6.383458752029825,6.953323099143114,6.600936387667262,6.834617370483884,6.703763315061831,7.258543845016342,6.975329224365931,6.630262522191638,6.379994599437891,6.821135075631368,7.533526246997685,5.751977019541759,6.68740733673645,7.188004425819501,7.167088414758521,6.728858451741017,6.379095159045664,5.817814654290393,7.119020564849032,6.582988079201261,7.044195486494069,6.778767738032856,6.194949381839245,6.56128637650528,6.730122527799901,6.984053799429678,6.513488089941298,7.103702076597708,5.771196112134167,4.717476704084154,5.767513542987407,6.02218194597965,6.112593606323336,6.1355188296078875
54,,,,,,,,,,,,,,,,,,,,,,,,,,,,,,,,,,,,,,,,,,,,,,,,,,,,,,,,7.6588134655049185,7.234921913898687,6.879614748257903,6.666210006697022,5.977896847670877,7.20829536170271,6.731043138017431,7.0641698428488615,6.620640064793033,6.456942712093913,4.861262736980217,6.934861265800782,7.4933425716478865,5.948314381261924,7.108520830950591,6.1911855051924505,6.56738879085214,6.508378067876623,6.74411753411994,6.612096134809254,5.990524712935032,6.769632362107215,6.983148627648198,7.413032094338241,6.5119938381154565,6.755456068633516,7.282603092210813,6.216714735402731,5.887682697590899,6.999281180665978,6.394961925481122,7.415124845847297,7.183180192193114,6.99650991748378,7.331637531401694,7.3458142781818045,6.792472451487951,7.185106578284017,6.348852186678705,5.592124335094638,4.682715342577198,5.174642117807917,6.2954373412258455,5.683854604508942,6.041695254192165
55,,,,,,,,,,,,,,,,,,,,,,,,,,,,,,,,,,,,,,,,,,,,,,,,,,,,,,,,,7.050916319864815,7.2947189948124525,6.783324221916616,6.521873046812632,6.98020409747025,6.912310767320129,6.804319643277038,6.946201401932215,6.674906867595121,5.667494014204607,7.602099346546338,7.246026617516511,6.719847542322045,6.975763148335433,6.308299720412043,6.757258043209712,6.981012273235007,6.828973684823404,6.948940710456616,5.9076389281546255,6.719695986861727,7.48932723568099,7.532730446261222,7.1591790670756605,6.991067498320807,8.055158175653514,6.775225185118353,5.552842770027793,7.009779046644535,6.8984010669494715,7.745545489963213,7.050638036318899,7.787359523633756,7.838747560166354,7.265259495732401,6.505489682157368,7.690966646780096,6.505447986885729,6.18244738996078,5.040511258089727,5.926078874484359,5.889206064001458,6.6038532318231855,6.237750723897271
56,,,,,,,,,,,,,,,,,,,,,,,,,,,,,,,,,,,,,,,,,,,,,,,,,,,,,,,,,,6.139076718653602,6.442798587262376,6.715955746163902,6.697930890000476,7.4376976420085015,7.347704672254989,6.755163864391434,7.042674764982648,5.425514799183595,6.228091024466197,6.897631134098907,6.6554409205863525,7.2072627158698035,6.420201270223823,6.744303224275509,7.279325969094326,6.1467004773536305,7.160903748744667,6.332551091947893,7.364607245411371,6.135212432526297,7.1539705252070105,7.2739148979878285,7.062582607957944,7.031689998605332,6.963092346236296,6.174950889806738,7.285386134825376,7.111130876532526,6.632507960562581,7.494530608988969,6.612955939914101,6.949531978139291,6.6583251888442465,7.439344749544979,6.626213700132719,6.798714679228717,6.286544808086885,5.294503886563631,5.881768657132344,6.8577881260136655,6.2135175998651855,6.196673505005241
57,,,,,,,,,,,,,,,,,,,,,,,,,,,,,,,,,,,,,,,,,,,,,,,,,,,,,,,,,,,6.182200964037399,5.892198640847869,6.679659820988238,5.713099207179722,5.919877302339797,6.426716199284861,5.994485187890844,6.042770476877987,7.772366671095427,6.793971695188275,6.673384000143299,6.4907704337749905,5.604263841173603,6.050877192632032,6.059107497321097,6.286102854128654,6.78934556048981,5.403603048916184,6.109354740244444,7.509717317733163,6.526302796305719,6.617999631533745,6.082465860799937,6.953573016848037,6.236081174084693,4.668400429090552,5.893078641191165,6.613737954273489,6.71892449618682,6.169097524323432,7.3302221056382475,7.182137505209967,6.75889261416296,5.621047341220126,7.486586943868508,6.163331520710275,5.971716836604833,5.036773711726787,5.939070471324364,5.004763723064217,5.7471955651801,5.901456780142702
58,,,,,,,,,,,,,,,,,,,,,,,,,,,,,,,,,,,,,,,,,,,,,,,,,,,,,,,,,,,,6.459376771379237,6.9210092497733156,6.359790163572825,6.590965690813796,6.215384898656982,5.78246644428113,5.491638107582052,6.248105956334636,7.119720934924518,6.065533106350612,6.429073779722243,6.895173091389262,7.111055708499404,6.210372388299136,7.209548745411573,6.159628879043188,6.455970469398495,7.274400035118521,5.8184881592451045,6.1209087677019305,6.372749615178988,6.4139252939365665,6.3298752840737205,5.983828168779841,5.925494261931919,6.957670778965345,5.787609491218836,7.116303892298321,6.226006241749979,6.057423324280672,6.473958340683801,6.9819938083538595,6.325086109050357,6.389726703930931,7.037714667601479,4.950378987856844,3.8428331232527717,5.42252714312432,6.151563438258526,5.241651431178283,6.964255447977191
59,,,,,,,,,,,,,,,,,,,,,,,,,,,,,,,,,,,,,,,,,,,,,,,,,,,,,,,,,,,,,6.114357989208794,6.870458734158734,6.980147289925152,6.747715520220223,6.722755052055387,6.075405496141409,6.129915288630251,6.618608762723079,6.532045630723821,6.324274763640945,6.349185692003533,6.798752945319866,6.9826170946795,6.1756848991333415,6.358973268554821,6.337492109958328,7.318591667191081,5.525333735564546,6.167572625437468,7.421901552683145,6.7827617584708895,6.457390750394079,6.452759994970004,5.595337083342571,6.637719464489445,6.849928943055809,6.562894386134482,6.698052335243883,5.980488774093658,6.335219739023043,6.111044124088391,6.879564923980212,6.223776045422953,6.743446993051933,5.754099148562507,5.605451493700365,6.370724627942231,5.7731389101361925,6.628201755469531,5.6604743391859875
60,,,,,,,,,,,,,,,,,,,,,,,,,,,,,,,,,,,,,,,,,,,,,,,,,,,,,,,,,,,,,,6.223274220802267,6.5245830862191,6.564316616097473,6.08159552381214,5.304458891107476,6.602847073595141,7.314938070735136,5.930004605445262,6.933225471436207,6.301453489418342,6.602292070143853,5.9165925234304675,6.81674668440459,6.376405017397726,6.090010709577597,6.789230176120708,6.379990989978949,6.753504614408213,6.585073698739007,6.701790580520901,6.564321735933822,6.163480100091996,5.498649948883444,6.890675367701636,5.960550013135019,7.109477079697242,6.427357143050955,6.202966585922881,6.821832604657013,7.317199759737764,6.176511723633743,6.935269965573141,6.667528712231908,5.1256505121040306,4.388376384894982,5.090673144492557,6.03501324285711,5.478975514738302,6.261293068205659
61,,,,,,,,,,,,,,,,,,,,,,,,,,,,,,,,,,,,,,,,,,,,,,,,,,,,,,,,,,,,,,,7.501278481370754,6.548197402389696,6.700818781999663,5.183693299581884,5.871953392613046,6.812147349531251,6.3404692425205145,6.853061065537851,6.992370753124411,7.329407675001969,7.621474840619892,6.787390358625293,6.993460394081223,6.399248866601139,7.450543128825019,5.781094821141956,6.8819360714895135,6.887271395787986,7.395506521430526,6.910688872337412,6.648120668170457,6.674450331481926,7.619097320531557,6.785287780979758,6.779282240511054,7.381745911039694,6.291407374908081,6.540265786600973,6.564517556935502,7.693130805274046,6.422240605272449,6.831636163533326,5.9784190618728115,5.011790273013923,5.666796979066506,6.4573689737813575,6.049230869744553,5.88044229334395
62,,,,,,,,,,,,,,,,,,,,,,,,,,,,,,,,,,,,,,,,,,,,,,,,,,,,,,,,,,,,,,,,6.623582006340918,6.474990806637375,5.25749326913213,6.004229603490389,6.914142148118426,5.990525729202503,7.048929730625688,6.721309550245832,7.148766622761411,7.024091064624616,6.647808757375639,6.870745838914217,6.338346618458039,7.334465716799219,5.913682013881492,7.3282401641938275,6.581602446330008,7.06154424247224,6.819201991687501,6.284472738463466,6.476059169828746,7.352363535256767,6.437173273421703,6.8454184914988785,6.963568621444906,6.393756523600297,6.738677582491171,6.617327541361214,7.508438104150789,6.407014283818915,7.115004590480575,5.9700000186995545,5.18488194778847,5.543475389685856,6.3549844599401055,5.714493738811391,6.025941405880882
63,,,,,,,,,,,,,,,,,,,,,,,,,,,,,,,,,,,,,,,,,,,,,,,,,,,,,,,,,,,,,,,,,6.539051438234365,6.184243481636552,6.614783836149019,6.776297487966508,6.483144909974506,7.348101636919457,6.151463975573614,6.677451585750317,6.523225484403033,6.5671779955259595,6.179061619040956,6.6389099794327,6.647771983069654,5.956164693528817,7.424928344056838,6.814685607193139,6.940542457692455,6.920943441299741,6.333501984473972,5.032060390362364,6.650913359744532,6.693665230186622,7.032190177006354,6.813990658459371,6.19401640144231,6.815561846775978,7.1895878941940365,6.198299535501647,6.967763560211996,6.937147925293496,5.9182634398601115,5.3576440473118145,6.280543476082929,5.707015917345738,6.430585476561456,6.164425694906633
64,,,,,,,,,,,,,,,,,,,,,,,,,,,,,,,,,,,,,,,,,,,,,,,,,,,,,,,,,,,,,,,,,,5.761059687417425,5.977541602756786,6.264586315609182,6.506659101365506,6.40695341697765,5.559869127242577,5.925332304409179,6.988953690686992,5.686368334372386,6.757645790853653,5.756904197948796,6.404275102430126,6.187998515391329,6.642579899392949,6.934334449086988,6.652734897773605,6.5930734190972045,7.036737074927719,5.3146187468254915,6.422722989513128,7.010770176771283,6.115981758290378,7.1462418464829005,6.336456873722921,6.5873347955644395,6.002655050525007,6.812366994292013,6.2040142501541204,6.176913656517167,6.037923399346864,5.501557807817762,5.993484583048481,5.925604835069327,6.202584792089585,5.571673071904276
65,,,,,,,,,,,,,,,,,,,,,,,,,,,,,,,,,,,,,,,,,,,,,,,,,,,,,,,,,,,,,,,,,,,6.09843922090175,4.9846620956375665,6.630665872993004,5.958483487945965,4.6440407905434995,5.2368349700411025,6.302697711370877,4.679582409400283,6.023253756627246,4.91114879906459,5.488394655256842,6.150151859054335,5.904448217840794,6.194588585070441,5.4684855084429485,5.739323980433739,6.530397173244238,3.6726830625495506,5.291536031931718,6.368464422986687,5.07553448298852,5.320240853673997,6.125150210150294,5.542206430090887,4.982164709163923,4.854676028811783,5.682025973812591,5.8304438152039815,6.630805625179479,6.889945077588759,8.073027109332655,4.422638589532925,6.369869098698595,5.2435647318436
66,,,,,,,,,,,,,,,,,,,,,,,,,,,,,,,,,,,,,,,,,,,,,,,,,,,,,,,,,,,,,,,,,,,,6.962483892178816,6.90146881534695,6.602519995199556,5.831333882014531,6.0802922048121975,6.473981448171178,6.384265910942021,6.720858604392858,5.4306730897571125,6.221104301669008,7.793758121759744,6.762932925229428,6.886820722871468,6.224106870970714,7.18222336122593,6.357499391251972,4.780149990515115,6.004828202615729,6.912690032379956,7.222873355699486,6.2342900556653875,7.64849163319259,7.51039131002771,6.788293657334887,5.73279690264469,7.603085134787864,5.971356625609268,6.3654671690976965,5.355238851939493,6.3005627393011,5.11651328448878,6.142445104625629,5.760784885499758
67,,,,,,,,,,,,,,,,,,,,,,,,,,,,,,,,,,,,,,,,,,,,,,,,,,,,,,,,,,,,,,,,,,,,,6.271713739919272,6.984546892385042,6.907912749996707,7.089362800247461,6.551315789038952,7.280249874552329,6.4661382701547625,6.496469970155963,7.4174635916745775,6.339577504485258,6.803028639029981,6.72986948650704,6.927471434402411,6.811995155401772,6.038550779833919,6.055092164322988,7.064174552320333,6.274590166789045,7.905500527280958,7.026251307692611,6.484748675060777,7.133541755980035,7.60159621780182,6.8112349892422275,7.319383057042037,7.025192721806642,5.437359663427052,4.4701584740328775,5.372455233630453,6.09733781123783,5.423771302506335,6.204799599006736
68,,,,,,,,,,,,,,,,,,,,,,,,,,,,,,,,,,,,,,,,,,,,,,,,,,,,,,,,,,,,,,,,,,,,,,6.539599059168308,5.878552227668224,6.364847459201039,6.935844209926198,5.577654174524059,6.860466164798091,5.8388436896999405,6.575446299538547,6.266849996867662,6.19595231452402,7.722877904136889,6.361185934939469,6.672280264539282,6.881268928167389,5.151515528749064,6.178587676213425,7.490935576465282,6.0972739464963395,6.413677872827602,6.8381320564532295,6.716310659436665,6.144073406562621,6.180768372518485,6.762717606899474,6.254092142835461,7.058901448467158,5.835633350235492,6.96532737010704,5.701471055732439,6.596418572406126,5.972386792797288
69,,,,,,,,,,,,,,,,,,,,,,,,,,,,,,,,,,,,,,,,,,,,,,,,,,,,,,,,,,,,,,,,,,,,,,,6.2088856347259025,6.592488182679939,6.400136345575896,6.557409813983508,6.686960846075278,6.328184157683992,7.090122516396738,6.406815149627372,7.505819621316073,6.8017521866444985,7.2733150924557695,6.983166111036427,6.793514382463078,5.705866241270254,7.30565190951242,6.797295704902073,6.957263335807894,7.1679024848631485,6.608281927061338,7.274474666470141,6.968699090163466,6.629200378868678,7.032701935802054,6.680681732618752,6.203022565628612,5.658455409995369,6.099260129047635,6.455821768253628,6.128121992072367,6.15243081416992
70,,,,,,,,,,,,,,,,,,,,,,,,,,,,,,,,,,,,,,,,,,,,,,,,,,,,,,,,,,,,,,,,,,,,,,,,7.155883854796871,6.212133539480084,7.064566246624062,6.037031562004634,7.1186941064342,7.192048300152667,5.162881133468688,5.8983114506633765,6.2251522981404355,6.367798565133309,5.93252068548177,5.561230851741288,6.267597591912083,6.746775253238606,5.765012174180283,6.672705659931541,6.229175066595684,5.729758844055524,6.223963763371276,6.876307300070006,6.863326825855478,5.984392320793163,7.223071861184266,4.927781670818291,3.892838545940246,4.995135305537822,5.780431474121042,4.919054114139731,6.540173239119571
71,,,,,,,,,,,,,,,,,,,,,,,,,,,,,,,,,,,,,,,,,,,,,,,,,,,,,,,,,,,,,,,,,,,,,,,,,6.670885307250713,7.398493274571943,6.2805522958152356,6.7325659507520585,7.444675153400539,5.411839456266355,6.5496007757920465,6.592946477638038,7.237006043617857,6.581479008279437,5.929025031238889,6.417604142607386,7.324386514366278,6.130475351346883,7.104748890678429,6.4662119884732405,6.006114427127166,6.541485300230229,7.102838616017622,7.160289035516941,6.660747903864803,7.287847315005207,5.293244847984892,4.190360988042823,5.317724005583369,6.0475139814125765,5.68451729130633,6.706963778619708
72,,,,,,,,,,,,,,,,,,,,,,,,,,,,,,,,,,,,,,,,,,,,,,,,,,,,,,,,,,,,,,,,,,,,,,,,,,6.03192133721392,6.917278552241435,6.034858425205335,6.956539514667632,6.345340378453433,7.029608236102516,7.402692746812766,7.118286995371516,7.148091249866377,6.817615399885766,5.8601717496670265,7.165944990023659,7.183236173949276,6.746949202229569,7.02433451082328,6.696812818411253,6.606512086831022,6.254090406307718,7.164708327788475,6.464492017663808,6.606028303194317,6.625546224334724,5.609504447555532,6.344567956173309,6.195799961565951,6.721522378358206,5.795512367832863
73,,,,,,,,,,,,,,,,,,,,,,,,,,,,,,,,,,,,,,,,,,,,,,,,,,,,,,,,,,,,,,,,,,,,,,,,,,,5.863530769134441,6.372302341153432,7.0404265652755935,5.915813162396177,6.461730726971318,5.956313509932247,6.766900511989143,6.433777174164976,5.460332798597122,5.903046608219847,6.908500641089951,5.4963721855522465,7.365982364068929,6.364964461081414,5.906530693823981,6.55532377474324,7.383654389336897,6.444781713887784,6.645545482870213,6.774896758777857,4.659141682190256,3.758787624159341,4.59656825472466,5.533527549252336,5.045553321269539,6.348168673271957
74,,,,,,,,,,,,,,,,,,,,,,,,,,,,,,,,,,,,,,,,,,,,,,,,,,,,,,,,,,,,,,,,,,,,,,,,,,,,5.704551164360432,6.684350158551404,6.731822218535916,6.653541069171442,6.964021224301721,6.5393589346605445,7.112181577447926,7.231499841563631,5.961511798373923,6.692422981633229,7.404724949092776,6.168757032102308,6.729457395388367,7.07130266884878,7.0717779794321105,6.17748648295606,6.681684417629637,6.939039626058272,6.637762442416307,6.6282762514216245,5.602562765346717,6.304440960167611,6.037549657264872,6.144892562046305,6.034224500973734
75,,,,,,,,,,,,,,,,,,,,,,,,,,,,,,,,,,,,,,,,,,,,,,,,,,,,,,,,,,,,,,,,,,,,,,,,,,,,,6.837144640814492,4.762220341211269,5.697650658405958,6.176337071320816,6.593345978143418,5.736521897886357,5.633781283532756,5.390293019927406,6.762781846575698,5.900060917765398,6.24298764141559,6.264322740323696,5.301700791524134,5.834740662296195,6.657291659265589,6.238856200555146,5.756334268261772,6.815252562958445,4.790985754209231,3.9694693633654983,5.030184049122936,5.712307370440192,5.281500117998818,6.364410838118582
76,,,,,,,,,,,,,,,,,,,,,,,,,,,,,,,,,,,,,,,,,,,,,,,,,,,,,,,,,,,,,,,,,,,,,,,,,,,,,,5.574277399918371,6.50970771711306,7.22681633784411,7.184807280046883,6.543916951931454,6.6104976311709915,6.442621740626042,7.440805450180529,6.58435189142486,7.056267284564752,7.015930150547375,6.146015914747365,6.6467977210032965,6.941255413862971,7.386217893710229,6.568391326968873,7.412991529284282,5.744790385731866,4.74210532536995,6.046186432178373,6.424330551447223,5.763460089327278,6.511482224893774
77,,,,,,,,,,,,,,,,,,,,,,,,,,,,,,,,,,,,,,,,,,,,,,,,,,,,,,,,,,,,,,,,,,,,,,,,,,,,,,,7.065805869940263,6.267426882257531,6.04564891137745,7.193554585562406,6.709542143285395,4.659378325867136,6.003234873458346,6.738194149809335,6.733952135384481,6.3346133638463655,7.790624199160966,7.199164605527458,6.119840908789046,5.642249313035793,7.009424885734885,5.502903877063424,6.393986298980761,5.640690947942703,6.072777244347928,5.225965694879885,5.899703175672794,5.292332136953915
78,,,,,,,,,,,,,,,,,,,,,,,,,,,,,,,,,,,,,,,,,,,,,,,,,,,,,,,,,,,,,,,,,,,,,,,,,,,,,,,,6.697543604335487,7.14812981903722,7.766146425101721,6.742987802120629,5.594808643061825,7.206407126136904,6.676730464369879,7.204114679325177,7.169911319510759,6.998456918756883,7.1865126151437035,6.941097373945805,6.658958000982537,7.1242923753982,6.57399852992245,6.431287411732657,5.516837528951833,5.916665760840929,6.240343380495626,6.359117685189053,5.917358887372671
79,,,,,,,,,,,,,,,,,,,,,,,,,,,,,,,,,,,,,,,,,,,,,,,,,,,,,,,,,,,,,,,,,,,,,,,,,,,,,,,,,6.858633180062716,6.96354519330534,6.874437131238739,5.523414163684787,6.742267133066956,7.563683996814917,6.633963469868479,6.900395235810644,6.816172485811282,6.931077948683429,6.4632762167608595,6.689653308824071,6.786944479875508,6.765075774951508,6.758129336444263,5.475340435878288,6.691263781417886,6.073369690668161,6.752235149332628,6.154603301625663
80,,,,,,,,,,,,,,,,,,,,,,,,,,,,,,,,,,,,,,,,,,,,,,,,,,,,,,,,,,,,,,,,,,,,,,,,,,,,,,,,,,6.956870537230672,6.6863546867884445,5.864861889770938,7.602156074129373,6.648532922924895,7.100570714088393,7.161587768057796,6.212526621964287,6.906785556141196,6.8529813072831445,7.031101034910222,6.859073054506919,6.654636975190673,5.704142586980386,5.08337331414027,5.606931147213617,6.203052710871961,6.209588882339757,6.049207176083402
81,,,,,,,,,,,,,,,,,,,,,,,,,,,,,,,,,,,,,,,,,,,,,,,,,,,,,,,,,,,,,,,,,,,,,,,,,,,,,,,,,,,7.042852941065258,5.761013709042282,6.975205427802429,7.137767862206163,7.245339260213097,6.984260382478802,7.566306358702888,7.444468588378754,6.887149458471125,6.513660621171857,7.484946790689144,6.299940689350481,6.430753925964485,5.22925662795646,6.022975098656463,5.897377003015948,6.722419731414995,6.029713624450869
82,,,,,,,,,,,,,,,,,,,,,,,,,,,,,,,,,,,,,,,,,,,,,,,,,,,,,,,,,,,,,,,,,,,,,,,,,,,,,,,,,,,,5.2555323212460365,6.631276520584997,7.3934727635651445,6.069193991111167,6.800013681090414,7.040117923829747,6.744876145829431,5.80867877968572,6.533426478040331,6.5670458038748425,6.364366826762647,6.852457873187941,6.128972942887952,6.605108194264563,6.00548784822941,6.322169383055891,5.863085795372392
83,,,,,,,,,,,,,,,,,,,,,,,,,,,,,,,,,,,,,,,,,,,,,,,,,,,,,,,,,,,,,,,,,,,,,,,,,,,,,,,,,,,,,6.439480363951165,5.433779511324427,5.744802301243879,5.99321487353452,5.224471431172969,5.5693924900638425,5.623912018505845,6.763120764535893,5.237729191391587,5.77203721813039,4.630941920937944,3.5489301886944746,4.268254224199166,6.970677186972952,4.463016865562145,5.7590445695662265
84,,,,,,,,,,,,,,,,,,,,,,,,,,,,,,,,,,,,,,,,,,,,,,,,,,,,,,,,,,,,,,,,,,,,,,,,,,,,,,,,,,,,,,6.632726840692991,7.146944057312677,7.098988113891154,6.342715323771209,6.739276181616512,6.998457714720518,7.228195192557937,6.609943885275258,6.796715430231005,5.867900277476873,4.825964145605821,5.529915412759415,6.942077238735796,6.081869834944312,6.138707773577024
85,,,,,,,,,,,,,,,,,,,,,,,,,,,,,,,,,,,,,,,,,,,,,,,,,,,,,,,,,,,,,,,,,,,,,,,,,,,,,,,,,,,,,,,6.275932313276751,6.8059460985264515,7.275874523922361,7.038831615231628,6.003136092800706,6.606730065859685,6.856216120621238,6.140552089347519,7.1865633824885204,6.064711498683117,6.838013525660125,5.983735038307802,6.734629511100462,5.729052244512642
86,,,,,,,,,,,,,,,,,,,,,,,,,,,,,,,,,,,,,,,,,,,,,,,,,,,,,,,,,,,,,,,,,,,,,,,,,,,,,,,,,,,,,,,,6.754416724760313,6.9075063981378,7.362023795399503,7.610343895831875,6.606768723152525,7.569290968663457,6.688228061641513,5.433584899480092,4.470456667391372,5.428335794473596,5.787047948158721,5.82485734280153,6.030183520727059
87,,,,,,,,,,,,,,,,,,,,,,,,,,,,,,,,,,,,,,,,,,,,,,,,,,,,,,,,,,,,,,,,,,,,,,,,,,,,,,,,,,,,,,,,,6.620084124063132,6.876677314294863,6.694219169186426,7.05470156300108,6.55865213296634,6.556917495215718,5.993954589832951,5.291560943385036,5.94656764943762,6.391452287530125,6.043918000137536,5.815512056028858
88,,,,,,,,,,,,,,,,,,,,,,,,,,,,,,,,,,,,,,,,,,,,,,,,,,,,,,,,,,,,,,,,,,,,,,,,,,,,,,,,,,,,,,,,,,7.739214830217214,6.472949925862541,6.177118343302543,7.332741363079046,5.842384327376289,6.967850966913323,5.880663201483567,6.438631905502571,5.560834725146635,6.227466777565127,5.686607107814725
89,,,,,,,,,,,,,,,,,,,,,,,,,,,,,,,,,,,,,,,,,,,,,,,,,,,,,,,,,,,,,,,,,,,,,,,,,,,,,,,,,,,,,,,,,,,7.089484942265671,6.522039402193417,7.676662744968702,6.355851383636369,6.205981518934608,5.227208115902304,5.910380331466529,5.905755784037508,6.267202894416051,6.213070091646604
90,,,,,,,,,,,,,,,,,,,,,,,,,,,,,,,,,,,,,,,,,,,,,,,,,,,,,,,,,,,,,,,,,,,,,,,,,,,,,,,,,,,,,,,,,,,,6.364142122396934,7.371080358718495,6.951569618331671,5.17056759410072,4.2606907271656445,5.160656484432219,5.901451783067745,5.559509035091156,6.60070026480626
91,,,,,,,,,,,,,,,,,,,,,,,,,,,,,,,,,,,,,,,,,,,,,,,,,,,,,,,,,,,,,,,,,,,,,,,,,,,,,,,,,,,,,,,,,,,,,6.190376103521163,6.678609875992097,5.797181066077227,4.724493343157768,5.4094271113954795,6.500873244589188,5.629256010701429,5.771286251145923
92,,,,,,,,,,,,,,,,,,,,,,,,,,,,,,,,,,,,,,,,,,,,,,,,,,,,,,,,,,,,,,,,,,,,,,,,,,,,,,,,,,,,,,,,,,,,,,6.2910831069456785,6.021316619590248,5.113770754986176,6.013736512252749,5.574092485365252,6.116140413521863,6.108982520036234
93,,,,,,,,,,,,,,,,,,,,,,,,,,,,,,,,,,,,,,,,,,,,,,,,,,,,,,,,,,,,,,,,,,,,,,,,,,,,,,,,,,,,,,,,,,,,,,,5.636654919318861,4.6961549856582,5.899346549376387,5.755459335633469,5.454315586288798,7.1591503382293205
94,,,,,,,,,,,,,,,,,,,,,,,,,,,,,,,,,,,,,,,,,,,,,,,,,,,,,,,,,,,,,,,,,,,,,,,,,,,,,,,,,,,,,,,,,,,,,,,,7.255449852066632,7.1055166461998045,5.180897447921319,6.127962217881237,4.8985331505466245
95,,,,,,,,,,,,,,,,,,,,,,,,,,,,,,,,,,,,,,,,,,,,,,,,,,,,,,,,,,,,,,,,,,,,,,,,,,,,,,,,,,,,,,,,,,,,,,,,,7.065526777540257,4.29888571567785,5.877821757327549,3.7174287451833172
96,,,,,,,,,,,,,,,,,,,,,,,,,,,,,,,,,,,,,,,,,,,,,,,,,,,,,,,,,,,,,,,,,,,,,,,,,,,,,,,,,,,,,,,,,,,,,,,,,,4.943209751182541,6.422356565467096,5.047122765054866
97,,,,,,,,,,,,,,,,,,,,,,,,,,,,,,,,,,,,,,,,,,,,,,,,,,,,,,,,,,,,,,,,,,,,,,,,,,,,,,,,,,,,,,,,,,,,,,,,,,,5.012972392545519,6.088295220200608
98,,,,,,,,,,,,,,,,,,,,,,,,,,,,,,,,,,,,,,,,,,,,,,,,,,,,,,,,,,,,,,,,,,,,,,,,,,,,,,,,,,,,,,,,,,,,,,,,,,,,5.01624705310883
99,,,,,,,,,,,,,,,,,,,,,,,,,,,,,,,,,,,,,,,,,,,,,,,,,,,,,,,,,,,,,,,,,,,,,,,,,,,,,,,,,,,,,,,,,,,,,,,,,,,,
