language,cast_0,director,genre_0,company_0,country,cast_num,crew_num,popularity,KNeigh,NBGaus,NBGaus_pf,MLP,EnsmblHD,EnsmblSF,EnsmblSW
0,65,186,4,13,7,1,2,1.0,1.0,1.0,1.0,1.0,1.0,1.0,1.0
0,1617,1869,5,618,0,0,1,0.0,0.0,0.0,0.0,0.0,0.0,0.0,0.0
0,78,983,6,451,0,1,3,1.0,1.0,1.0,1.0,1.0,1.0,1.0,1.0
0,64,153,0,18,0,2,1,1.0,1.0,1.0,1.0,1.0,1.0,1.0,1.0
0,1713,1980,16,1070,0,0,0,0.0,0.0,0.0,0.0,0.0,0.0,0.0,0.0
0,708,870,5,387,0,1,0,0.0,0.0,1.0,1.0,0.0,0.0,0.0,0.0
0,441,467,15,9,0,0,1,1.0,1.0,1.0,1.0,1.0,1.0,1.0,1.0
0,324,162,8,15,0,1,3,0.0,1.0,1.0,1.0,1.0,1.0,1.0,1.0
0,183,123,1,0,6,3,3,1.0,1.0,1.0,1.0,1.0,1.0,1.0,1.0
0,522,792,8,55,0,0,0,0.0,0.0,1.0,1.0,0.0,0.0,0.0,0.0
0,199,1474,5,731,1,0,0,0.0,0.0,0.0,0.0,0.0,0.0,0.0,0.0
0,511,634,8,15,0,0,1,1.0,0.0,1.0,1.0,1.0,0.0,0.0,0.0
0,435,1481,1,874,0,0,1,0.0,0.0,0.0,0.0,0.0,0.0,0.0,0.0
0,1341,1223,15,15,0,0,3,1.0,0.0,0.0,0.0,1.0,0.0,0.0,0.0
4,409,1714,5,624,12,0,1,0.0,0.0,0.0,0.0,0.0,0.0,0.0,0.0
0,128,446,2,9,0,0,2,1.0,1.0,1.0,1.0,1.0,1.0,1.0,1.0
0,200,420,0,15,0,0,0,0.0,1.0,1.0,1.0,0.0,1.0,1.0,1.0
0,138,1702,5,911,0,1,2,0.0,1.0,0.0,0.0,0.0,1.0,0.0,0.0
0,121,34,5,49,10,1,3,1.0,1.0,1.0,1.0,1.0,1.0,1.0,1.0
0,262,277,0,2,0,0,1,1.0,1.0,1.0,1.0,1.0,1.0,1.0,1.0
0,522,792,5,55,0,1,3,0.0,0.0,1.0,1.0,1.0,1.0,1.0,1.0
0,43,24,0,13,0,0,1,1.0,1.0,1.0,1.0,1.0,1.0,1.0,1.0
0,56,680,0,45,1,2,3,1.0,1.0,1.0,1.0,1.0,1.0,1.0,1.0
0,385,368,2,18,0,0,2,1.0,1.0,1.0,1.0,1.0,1.0,1.0,1.0
0,16,868,10,386,10,0,3,1.0,1.0,1.0,1.0,1.0,1.0,1.0,1.0
0,30,113,3,22,0,0,1,1.0,1.0,1.0,1.0,1.0,1.0,1.0,1.0
0,2024,2278,19,193,0,0,0,0.0,0.0,0.0,0.0,0.0,0.0,0.0,0.0
8,20,586,0,244,31,1,3,1.0,1.0,0.0,0.0,1.0,1.0,1.0,1.0
34,1892,2151,8,1188,66,0,0,0.0,0.0,0.0,0.0,0.0,0.0,0.0,0.0
2,672,879,12,189,14,0,3,1.0,0.0,1.0,1.0,1.0,1.0,0.0,0.0
0,124,409,8,13,0,0,0,0.0,1.0,1.0,1.0,1.0,1.0,1.0,1.0
0,1331,877,8,78,1,0,0,0.0,0.0,0.0,0.0,0.0,0.0,0.0,0.0
0,278,77,5,142,0,2,3,1.0,1.0,1.0,1.0,1.0,1.0,1.0,1.0
0,204,37,15,15,0,1,2,1.0,1.0,1.0,1.0,1.0,1.0,1.0,1.0
0,205,35,5,2,0,0,2,1.0,1.0,1.0,1.0,1.0,1.0,1.0,1.0
0,1065,1975,8,1064,0,0,0,0.0,0.0,0.0,0.0,0.0,0.0,0.0,0.0
0,65,59,8,22,0,1,0,1.0,1.0,1.0,1.0,1.0,1.0,1.0,1.0
0,51,548,8,15,0,2,3,1.0,1.0,1.0,1.0,1.0,1.0,1.0,1.0
0,1177,130,15,5,0,1,3,1.0,0.0,1.0,1.0,1.0,1.0,1.0,1.0
0,1769,2036,5,1103,17,0,0,0.0,0.0,0.0,0.0,0.0,0.0,0.0,0.0
0,1557,2031,15,193,15,0,0,0.0,0.0,0.0,0.0,0.0,0.0,0.0,0.0
0,858,1292,15,55,0,0,2,1.0,0.0,0.0,0.0,0.0,0.0,0.0,0.0
0,2,11,1,7,1,1,3,1.0,1.0,1.0,1.0,1.0,1.0,1.0,1.0
0,780,521,14,105,0,0,1,0.0,1.0,1.0,1.0,1.0,1.0,1.0,1.0
0,140,440,0,77,0,0,3,1.0,1.0,1.0,1.0,1.0,1.0,1.0,1.0
19,1751,2014,5,1091,32,0,1,0.0,0.0,0.0,0.0,0.0,0.0,0.0,0.0
0,495,614,3,259,0,0,0,0.0,1.0,1.0,1.0,0.0,1.0,0.0,0.0
0,465,1025,0,2,0,0,1,0.0,0.0,1.0,1.0,1.0,1.0,0.0,0.0
0,252,275,4,120,0,0,3,1.0,1.0,1.0,1.0,1.0,1.0,1.0,1.0
0,309,373,8,15,0,3,2,1.0,1.0,1.0,1.0,1.0,1.0,1.0,1.0
0,682,613,5,417,10,0,1,0.0,0.0,0.0,0.0,1.0,0.0,0.0,0.0
0,159,379,0,168,28,0,3,1.0,0.0,0.0,0.0,1.0,0.0,1.0,1.0
0,1,191,6,75,5,1,3,1.0,1.0,1.0,1.0,1.0,1.0,1.0,1.0
0,1211,1601,5,9,0,0,0,0.0,0.0,0.0,0.0,0.0,0.0,0.0,0.0
0,1598,433,5,2,0,0,0,0.0,0.0,0.0,0.0,0.0,0.0,0.0,0.0
0,246,304,5,193,15,0,0,0.0,1.0,0.0,0.0,0.0,0.0,0.0,1.0
0,429,723,0,19,10,0,3,1.0,0.0,1.0,1.0,1.0,1.0,1.0,1.0
0,1871,2129,16,1179,0,0,0,0.0,0.0,0.0,0.0,0.0,0.0,0.0,0.0
0,872,1040,8,2,0,0,1,1.0,1.0,0.0,0.0,0.0,0.0,0.0,0.0
0,1,657,5,13,0,1,3,1.0,1.0,1.0,1.0,1.0,1.0,1.0,1.0
0,685,979,5,191,7,1,2,0.0,0.0,1.0,1.0,0.0,1.0,0.0,0.0
0,9,26,9,33,0,3,3,1.0,1.0,1.0,1.0,1.0,1.0,1.0,1.0
0,284,438,8,2,0,0,1,0.0,1.0,1.0,1.0,1.0,1.0,1.0,1.0
0,674,831,0,361,0,0,3,0.0,0.0,1.0,1.0,1.0,1.0,1.0,1.0
0,1207,974,5,715,18,0,1,0.0,0.0,0.0,0.0,0.0,0.0,0.0,0.0
0,345,208,6,2,0,1,2,1.0,1.0,1.0,1.0,1.0,1.0,1.0,1.0
0,33,439,5,2,0,2,3,1.0,1.0,1.0,1.0,1.0,1.0,1.0,1.0
0,1533,1167,5,636,0,0,2,0.0,1.0,0.0,0.0,0.0,1.0,0.0,0.0
0,188,202,8,2,0,0,0,1.0,1.0,1.0,1.0,1.0,1.0,1.0,1.0
0,663,448,5,9,10,0,0,0.0,1.0,1.0,1.0,0.0,1.0,0.0,1.0
0,52,388,8,653,0,0,1,0.0,0.0,1.0,1.0,0.0,1.0,0.0,0.0
0,940,1135,5,536,0,0,2,0.0,0.0,0.0,0.0,0.0,0.0,0.0,0.0
0,1659,1919,8,193,0,0,0,0.0,0.0,0.0,0.0,0.0,0.0,0.0,0.0
0,815,1014,0,18,9,0,3,1.0,0.0,1.0,1.0,1.0,1.0,0.0,0.0
0,731,1343,5,547,6,0,0,0.0,0.0,0.0,0.0,0.0,0.0,0.0,0.0
0,224,1242,8,18,3,0,2,0.0,1.0,1.0,1.0,1.0,1.0,1.0,1.0
0,524,1542,8,158,0,0,0,0.0,0.0,0.0,0.0,0.0,0.0,0.0,0.0
0,163,417,15,223,0,0,2,0.0,1.0,1.0,1.0,1.0,1.0,1.0,1.0
0,2067,2321,15,193,15,0,0,0.0,0.0,0.0,0.0,0.0,0.0,0.0,0.0
0,28,27,1,1,0,0,2,1.0,1.0,1.0,1.0,1.0,1.0,1.0,1.0
0,344,247,5,173,0,0,1,0.0,1.0,1.0,1.0,1.0,1.0,1.0,1.0
0,709,94,7,91,0,0,0,1.0,1.0,1.0,1.0,0.0,1.0,1.0,1.0
0,1741,433,6,355,0,0,1,0.0,0.0,0.0,0.0,0.0,0.0,0.0,0.0
0,1076,1286,1,626,6,0,0,0.0,0.0,0.0,0.0,0.0,0.0,0.0,0.0
0,208,1388,8,63,0,0,0,0.0,1.0,0.0,0.0,0.0,0.0,0.0,0.0
0,51,45,1,2,6,1,3,1.0,1.0,1.0,1.0,1.0,1.0,1.0,1.0
16,1497,1458,5,549,24,1,2,1.0,0.0,0.0,0.0,1.0,0.0,0.0,0.0
0,200,325,5,10,0,0,1,1.0,1.0,1.0,1.0,1.0,1.0,1.0,1.0
0,124,342,0,47,0,1,2,1.0,1.0,1.0,1.0,1.0,1.0,1.0,1.0
10,496,845,13,372,16,0,0,0.0,0.0,0.0,0.0,0.0,0.0,0.0,0.0
0,668,545,5,86,0,0,1,0.0,0.0,1.0,1.0,1.0,0.0,0.0,0.0
0,1964,2223,5,1240,0,0,1,0.0,0.0,0.0,0.0,0.0,0.0,0.0,0.0
0,654,647,15,15,6,0,3,1.0,1.0,1.0,1.0,1.0,1.0,1.0,1.0
0,594,740,1,83,7,0,0,0.0,0.0,1.0,1.0,0.0,0.0,0.0,0.0
0,712,873,8,15,6,0,2,0.0,0.0,1.0,1.0,1.0,1.0,0.0,0.0
0,183,980,5,422,0,1,2,0.0,0.0,1.0,1.0,1.0,1.0,1.0,0.0
0,153,482,8,18,0,1,2,0.0,1.0,1.0,1.0,1.0,1.0,1.0,1.0
0,754,855,13,63,0,0,0,0.0,0.0,0.0,0.0,0.0,0.0,0.0,0.0
0,465,173,6,15,8,0,1,1.0,1.0,1.0,1.0,1.0,1.0,1.0,1.0
0,1556,1813,14,955,0,0,1,0.0,0.0,0.0,0.0,0.0,0.0,0.0,0.0
0,438,287,0,149,0,1,3,1.0,1.0,1.0,1.0,1.0,1.0,1.0,1.0
0,801,695,5,47,18,1,3,1.0,1.0,1.0,1.0,1.0,1.0,1.0,1.0
0,63,57,0,25,10,0,3,0.0,1.0,1.0,1.0,1.0,1.0,1.0,1.0
0,112,67,5,44,7,3,3,1.0,1.0,1.0,1.0,1.0,1.0,1.0,1.0
0,82,1124,8,528,1,0,2,1.0,1.0,1.0,1.0,1.0,1.0,1.0,1.0
0,195,210,2,81,1,0,0,0.0,1.0,1.0,1.0,1.0,1.0,1.0,1.0
0,44,138,14,214,0,0,2,1.0,1.0,1.0,1.0,1.0,1.0,1.0,1.0
0,896,837,10,399,6,0,0,0.0,0.0,0.0,0.0,0.0,0.0,0.0,0.0
0,136,625,8,44,0,0,3,1.0,1.0,1.0,1.0,1.0,1.0,1.0,1.0
0,926,1647,19,193,15,0,0,0.0,0.0,0.0,0.0,0.0,0.0,0.0,0.0
0,26,336,6,15,0,0,3,1.0,1.0,1.0,1.0,1.0,1.0,1.0,1.0
0,1466,1729,8,557,1,0,1,1.0,0.0,0.0,0.0,0.0,0.0,0.0,0.0
0,1572,867,11,871,0,1,1,1.0,0.0,0.0,0.0,0.0,0.0,0.0,0.0
0,55,37,1,9,0,1,3,1.0,1.0,1.0,1.0,1.0,1.0,1.0,1.0
0,365,457,8,63,9,1,3,1.0,1.0,1.0,1.0,1.0,1.0,1.0,1.0
0,218,23,2,54,1,0,1,1.0,1.0,1.0,1.0,1.0,1.0,1.0,1.0
0,1701,1965,16,1059,15,0,0,0.0,0.0,0.0,0.0,0.0,0.0,0.0,0.0
0,522,792,8,193,0,0,1,0.0,1.0,1.0,1.0,0.0,1.0,1.0,1.0
0,1618,1870,13,179,1,0,0,0.0,0.0,0.0,0.0,0.0,0.0,0.0,0.0
0,580,1549,5,784,0,0,0,0.0,0.0,0.0,0.0,0.0,0.0,0.0,0.0
0,1653,1912,6,1018,6,0,1,1.0,0.0,0.0,0.0,0.0,0.0,0.0,0.0
0,431,132,0,15,0,2,2,1.0,1.0,1.0,1.0,1.0,1.0,1.0,1.0
0,652,801,8,45,6,1,2,1.0,0.0,1.0,1.0,1.0,1.0,1.0,1.0
0,1131,1349,5,193,9,0,0,0.0,0.0,0.0,0.0,0.0,0.0,0.0,0.0
0,39,42,5,31,0,0,3,1.0,1.0,1.0,1.0,1.0,1.0,1.0,1.0
0,899,76,5,15,0,0,3,0.0,1.0,1.0,1.0,1.0,1.0,1.0,1.0
0,194,474,8,189,7,0,1,0.0,1.0,1.0,1.0,1.0,1.0,1.0,1.0
0,408,272,0,46,0,0,1,0.0,1.0,1.0,1.0,1.0,1.0,1.0,1.0
0,609,1197,5,681,6,0,3,0.0,0.0,0.0,0.0,0.0,0.0,0.0,0.0
0,1785,2046,5,1111,9,0,2,0.0,0.0,0.0,0.0,0.0,0.0,0.0,0.0
0,230,487,8,193,1,0,1,0.0,0.0,1.0,1.0,1.0,1.0,1.0,1.0
0,461,572,8,236,0,0,1,0.0,1.0,1.0,1.0,0.0,1.0,1.0,1.0
0,1688,1953,5,193,15,0,0,0.0,0.0,0.0,0.0,0.0,0.0,0.0,0.0
0,1220,1463,0,726,0,0,1,0.0,0.0,0.0,0.0,0.0,0.0,0.0,0.0
0,893,1068,2,333,6,0,2,1.0,0.0,1.0,1.0,1.0,1.0,0.0,0.0
0,107,92,5,124,0,0,3,1.0,1.0,1.0,1.0,1.0,1.0,1.0,1.0
0,252,275,8,13,0,0,2,1.0,1.0,1.0,1.0,1.0,1.0,1.0,1.0
0,431,612,8,410,0,0,0,0.0,1.0,0.0,0.0,0.0,0.0,0.0,1.0
0,134,42,1,15,0,2,2,1.0,1.0,1.0,1.0,1.0,1.0,1.0,1.0
0,116,668,8,45,0,1,2,0.0,1.0,1.0,1.0,1.0,1.0,1.0,1.0
0,1764,2028,5,1100,19,0,0,0.0,0.0,0.0,0.0,0.0,0.0,0.0,0.0
0,413,773,8,241,0,0,2,0.0,1.0,1.0,1.0,1.0,1.0,1.0,1.0
0,98,24,0,13,0,1,2,1.0,1.0,1.0,1.0,1.0,1.0,1.0,1.0
0,1732,2003,0,834,0,0,0,0.0,0.0,0.0,0.0,0.0,0.0,0.0,0.0
0,1252,1212,5,95,0,1,1,0.0,0.0,0.0,0.0,0.0,0.0,0.0,0.0
0,1358,1391,8,273,0,0,0,0.0,0.0,0.0,0.0,0.0,0.0,0.0,0.0
6,1325,1586,5,193,15,0,0,0.0,0.0,0.0,0.0,0.0,0.0,0.0,0.0
0,56,142,5,13,0,0,3,1.0,1.0,1.0,1.0,1.0,1.0,1.0,1.0
0,498,335,0,200,0,0,3,1.0,1.0,1.0,1.0,1.0,1.0,1.0,1.0
0,1353,1620,8,193,0,0,0,0.0,0.0,0.0,0.0,0.0,0.0,0.0,0.0
0,44,1345,0,193,27,0,0,0.0,0.0,0.0,0.0,0.0,0.0,0.0,0.0
2,1218,1460,5,193,6,0,0,0.0,0.0,0.0,0.0,0.0,0.0,0.0,0.0
0,847,77,5,194,1,1,3,1.0,0.0,1.0,1.0,1.0,0.0,1.0,1.0
0,570,350,8,75,0,0,0,0.0,0.0,1.0,1.0,1.0,0.0,0.0,0.0
0,1899,2158,16,193,15,0,0,0.0,0.0,0.0,0.0,0.0,0.0,0.0,0.0
0,273,615,8,273,13,0,1,0.0,1.0,1.0,1.0,0.0,1.0,0.0,1.0
0,206,225,0,15,0,1,0,1.0,1.0,1.0,1.0,1.0,1.0,1.0,1.0
0,664,800,5,477,7,0,0,0.0,0.0,0.0,0.0,0.0,0.0,0.0,0.0
0,1371,623,15,482,0,0,1,0.0,0.0,0.0,0.0,1.0,0.0,0.0,0.0
0,1956,1895,5,835,0,0,0,0.0,0.0,0.0,0.0,0.0,0.0,0.0,0.0
0,143,153,0,18,0,0,3,1.0,1.0,1.0,1.0,1.0,1.0,1.0,1.0
0,155,185,0,9,7,0,1,1.0,1.0,1.0,1.0,1.0,1.0,1.0,1.0
0,78,70,1,1,0,1,3,1.0,1.0,1.0,1.0,1.0,1.0,1.0,1.0
0,1385,1651,8,850,0,0,2,0.0,0.0,0.0,0.0,0.0,0.0,0.0,0.0
0,90,88,0,193,0,0,3,0.0,1.0,1.0,1.0,1.0,1.0,1.0,1.0
0,78,77,5,9,0,0,2,1.0,1.0,1.0,1.0,1.0,1.0,1.0,1.0
3,379,183,5,73,5,1,2,1.0,1.0,1.0,1.0,1.0,1.0,1.0,1.0
0,357,1234,5,45,0,0,3,1.0,0.0,1.0,1.0,1.0,1.0,1.0,1.0
0,1881,2141,8,213,0,0,2,0.0,0.0,0.0,0.0,0.0,0.0,0.0,0.0
0,111,83,3,82,10,0,3,1.0,1.0,1.0,1.0,1.0,1.0,1.0,1.0
0,2029,2283,15,13,0,0,0,1.0,0.0,0.0,0.0,0.0,0.0,0.0,0.0
4,537,1381,8,681,12,1,2,1.0,1.0,0.0,0.0,0.0,1.0,0.0,0.0
0,155,70,8,80,0,0,1,1.0,1.0,1.0,1.0,1.0,1.0,1.0,1.0
0,644,1587,6,9,0,0,3,1.0,1.0,1.0,1.0,1.0,1.0,0.0,1.0
0,13,14,0,10,0,0,2,1.0,1.0,1.0,1.0,1.0,1.0,1.0,1.0
0,870,1038,0,18,0,0,2,0.0,1.0,1.0,1.0,1.0,1.0,0.0,1.0
0,392,1042,5,490,1,0,1,1.0,0.0,0.0,0.0,0.0,0.0,0.0,0.0
0,1335,607,8,95,0,0,0,1.0,0.0,0.0,0.0,0.0,0.0,0.0,0.0
10,496,845,5,384,5,0,0,0.0,0.0,0.0,0.0,0.0,0.0,0.0,0.0
16,661,685,8,18,0,0,1,1.0,1.0,0.0,0.0,0.0,1.0,0.0,0.0
0,101,14,0,2,0,0,3,1.0,1.0,1.0,1.0,1.0,1.0,1.0,1.0
0,447,684,5,79,0,0,0,1.0,0.0,1.0,1.0,0.0,0.0,0.0,0.0
0,342,423,5,91,6,1,2,1.0,1.0,1.0,1.0,1.0,1.0,1.0,1.0
0,1256,1498,8,749,0,0,0,0.0,0.0,0.0,0.0,0.0,0.0,0.0,0.0
0,115,279,3,18,0,0,3,1.0,1.0,1.0,1.0,1.0,1.0,1.0,1.0
0,500,617,4,9,0,0,3,1.0,0.0,1.0,1.0,1.0,1.0,1.0,1.0
0,138,953,5,351,1,0,3,0.0,1.0,1.0,1.0,1.0,1.0,1.0,1.0
0,430,714,5,16,0,2,3,1.0,0.0,1.0,1.0,1.0,1.0,1.0,1.0
0,201,573,8,9,1,0,2,1.0,1.0,1.0,1.0,1.0,1.0,1.0,1.0
4,880,36,2,491,12,1,3,1.0,0.0,1.0,1.0,1.0,1.0,1.0,1.0
0,286,325,11,15,0,0,1,1.0,1.0,1.0,1.0,1.0,1.0,1.0,1.0
0,78,168,0,33,0,1,3,1.0,1.0,1.0,1.0,1.0,1.0,1.0,1.0
0,858,1292,15,55,0,0,1,1.0,0.0,0.0,0.0,0.0,0.0,0.0,0.0
0,1809,2076,8,1131,0,0,0,0.0,0.0,0.0,0.0,0.0,0.0,0.0,0.0
0,1,1,1,1,0,1,2,1.0,1.0,1.0,1.0,1.0,1.0,1.0,1.0
0,1027,2035,1,15,0,0,1,0.0,0.0,0.0,0.0,0.0,0.0,0.0,0.0
0,272,542,8,51,0,0,3,1.0,1.0,1.0,1.0,1.0,1.0,1.0,1.0
0,432,1060,8,110,0,0,0,0.0,0.0,0.0,0.0,0.0,0.0,0.0,0.0
0,129,373,8,254,0,2,2,1.0,1.0,1.0,1.0,1.0,1.0,1.0,1.0
0,143,345,12,19,10,1,0,1.0,1.0,1.0,1.0,1.0,1.0,1.0,1.0
0,25,2064,8,63,0,0,0,0.0,0.0,0.0,0.0,0.0,0.0,0.0,0.0
0,978,339,12,560,0,0,3,1.0,1.0,1.0,1.0,1.0,1.0,1.0,1.0
0,136,531,5,2,7,0,1,0.0,1.0,1.0,1.0,1.0,1.0,1.0,1.0
0,873,853,5,18,0,0,1,0.0,0.0,1.0,1.0,0.0,0.0,0.0,0.0
0,171,181,3,50,0,0,1,1.0,1.0,1.0,1.0,1.0,1.0,1.0,1.0
0,328,399,8,15,0,0,3,1.0,1.0,1.0,1.0,1.0,1.0,1.0,1.0
0,22,23,7,1,0,1,2,1.0,1.0,1.0,1.0,1.0,1.0,1.0,1.0
0,582,713,8,13,0,0,1,1.0,1.0,1.0,1.0,0.0,1.0,0.0,1.0
0,330,176,2,15,0,1,2,1.0,1.0,1.0,1.0,1.0,1.0,1.0,1.0
0,290,1285,12,135,0,1,1,0.0,1.0,1.0,1.0,1.0,1.0,1.0,1.0
0,127,1491,12,846,0,0,2,0.0,0.0,0.0,0.0,0.0,0.0,0.0,0.0
0,786,491,8,313,0,1,0,0.0,1.0,1.0,1.0,1.0,1.0,0.0,1.0
0,453,707,13,273,0,0,2,1.0,1.0,1.0,1.0,1.0,1.0,1.0,1.0
0,1704,1970,8,193,0,0,0,0.0,0.0,0.0,0.0,0.0,0.0,0.0,0.0
0,309,77,5,346,0,0,0,0.0,1.0,1.0,1.0,0.0,1.0,1.0,1.0
0,44,170,2,378,0,0,2,1.0,1.0,1.0,1.0,0.0,1.0,1.0,1.0
0,1127,1276,5,655,12,0,1,0.0,0.0,0.0,0.0,0.0,0.0,0.0,0.0
0,746,618,8,18,0,1,1,0.0,1.0,1.0,1.0,1.0,1.0,1.0,1.0
0,2008,2262,6,193,0,0,0,0.0,0.0,0.0,0.0,0.0,0.0,0.0,0.0
0,384,1560,0,793,0,0,0,0.0,0.0,0.0,0.0,0.0,0.0,0.0,0.0
0,1254,1495,0,193,0,0,0,0.0,0.0,0.0,0.0,0.0,0.0,0.0,0.0
0,1202,1440,8,273,0,0,2,1.0,0.0,0.0,0.0,0.0,0.0,0.0,0.0
0,149,1210,10,63,1,0,3,1.0,1.0,1.0,1.0,1.0,1.0,1.0,1.0
0,508,545,15,13,0,1,1,1.0,1.0,1.0,1.0,1.0,1.0,1.0,1.0
0,98,128,5,196,0,0,1,1.0,1.0,1.0,1.0,1.0,1.0,1.0,1.0
0,94,197,0,2,0,0,3,1.0,1.0,1.0,1.0,1.0,1.0,1.0,1.0
0,1913,2171,8,328,9,0,1,0.0,0.0,0.0,0.0,0.0,0.0,0.0,0.0
0,357,643,8,63,0,1,3,0.0,0.0,1.0,1.0,1.0,1.0,1.0,1.0
0,1234,297,5,337,9,0,2,1.0,0.0,1.0,1.0,0.0,0.0,0.0,0.0
0,1015,1219,3,9,0,0,3,0.0,0.0,1.0,1.0,1.0,1.0,0.0,0.0
27,1689,1954,5,250,58,0,3,0.0,0.0,0.0,0.0,0.0,0.0,0.0,0.0
0,55,156,5,9,0,0,3,1.0,1.0,1.0,1.0,1.0,1.0,1.0,1.0
0,742,1559,13,792,0,0,0,0.0,0.0,0.0,0.0,0.0,0.0,0.0,0.0
18,1043,1251,10,193,41,0,0,0.0,0.0,0.0,0.0,0.0,0.0,0.0,0.0
0,116,1602,8,95,0,1,2,1.0,0.0,1.0,1.0,1.0,1.0,0.0,0.0
0,1885,1863,0,193,15,0,0,0.0,0.0,0.0,0.0,0.0,0.0,0.0,0.0
0,1648,1907,5,1013,0,0,2,0.0,0.0,0.0,0.0,0.0,0.0,0.0,0.0
0,74,450,5,683,1,0,0,0.0,0.0,0.0,0.0,0.0,0.0,0.0,0.0
0,371,950,6,919,0,0,2,1.0,0.0,0.0,0.0,1.0,0.0,0.0,0.0
0,588,348,5,52,0,0,2,0.0,0.0,1.0,1.0,1.0,1.0,1.0,1.0
0,343,1405,6,63,1,0,0,0.0,1.0,0.0,0.0,0.0,0.0,0.0,0.0
0,174,695,5,594,0,1,0,0.0,0.0,1.0,1.0,1.0,1.0,0.0,0.0
0,1634,1891,15,193,1,0,0,0.0,0.0,0.0,0.0,0.0,0.0,0.0,0.0
0,420,1582,8,1009,1,0,1,0.0,0.0,0.0,0.0,0.0,0.0,0.0,0.0
5,383,479,15,193,15,0,0,0.0,1.0,0.0,0.0,0.0,0.0,0.0,0.0
0,78,130,6,46,0,0,3,1.0,1.0,1.0,1.0,1.0,1.0,1.0,1.0
0,513,202,8,2,0,0,2,0.0,1.0,1.0,1.0,1.0,1.0,1.0,1.0
0,1912,40,8,193,0,0,0,0.0,0.0,0.0,0.0,0.0,0.0,0.0,0.0
0,299,695,8,996,0,0,1,0.0,0.0,0.0,0.0,0.0,0.0,0.0,0.0
0,976,1575,8,67,0,0,0,0.0,0.0,0.0,0.0,0.0,0.0,0.0,0.0
2,1889,2147,17,1126,1,0,0,0.0,0.0,0.0,0.0,0.0,0.0,0.0,0.0
0,54,1321,8,300,0,1,1,1.0,0.0,1.0,1.0,1.0,1.0,1.0,0.0
0,155,161,5,52,0,0,2,0.0,1.0,1.0,1.0,1.0,1.0,1.0,1.0
0,428,1707,6,893,0,0,2,0.0,0.0,0.0,0.0,0.0,0.0,0.0,0.0
0,100,591,8,100,6,0,3,1.0,1.0,1.0,1.0,1.0,1.0,1.0,1.0
0,1576,1829,8,968,0,0,1,0.0,0.0,0.0,0.0,0.0,0.0,0.0,0.0
0,140,440,0,14,9,0,2,1.0,1.0,1.0,1.0,1.0,1.0,1.0,1.0
14,1934,2190,12,1214,46,0,3,0.0,0.0,0.0,0.0,0.0,0.0,0.0,0.0
0,33,431,15,178,0,0,2,1.0,1.0,1.0,1.0,1.0,1.0,1.0,1.0
0,138,334,6,14,7,1,2,1.0,1.0,1.0,1.0,1.0,1.0,1.0,1.0
0,127,296,4,9,0,0,2,1.0,1.0,1.0,1.0,1.0,1.0,1.0,1.0
0,1465,1727,5,909,53,0,3,0.0,0.0,0.0,0.0,0.0,0.0,0.0,0.0
0,314,97,0,64,0,0,3,1.0,1.0,1.0,1.0,1.0,1.0,1.0,1.0
0,156,2,5,15,7,0,1,1.0,1.0,1.0,1.0,1.0,1.0,1.0,1.0
0,459,450,8,15,9,0,1,1.0,1.0,1.0,1.0,1.0,1.0,1.0,1.0
0,1098,1312,16,2,0,0,0,0.0,0.0,0.0,0.0,0.0,0.0,0.0,0.0
0,1127,1788,5,193,0,0,0,0.0,0.0,0.0,0.0,0.0,0.0,0.0,0.0
0,1056,591,8,18,0,0,1,1.0,0.0,1.0,1.0,0.0,0.0,0.0,0.0
0,349,427,0,158,0,0,1,1.0,0.0,1.0,1.0,1.0,1.0,1.0,1.0
0,32,135,4,252,0,0,1,1.0,1.0,1.0,1.0,1.0,1.0,1.0,1.0
0,88,323,0,9,9,0,0,0.0,1.0,1.0,1.0,0.0,1.0,1.0,1.0
0,1459,1722,8,193,15,0,1,0.0,0.0,0.0,0.0,0.0,0.0,0.0,0.0
0,781,1176,5,628,6,0,3,0.0,0.0,0.0,0.0,1.0,0.0,0.0,0.0
0,401,514,13,15,1,1,0,1.0,1.0,1.0,1.0,1.0,1.0,1.0,1.0
0,277,36,2,13,7,1,3,1.0,1.0,1.0,1.0,1.0,1.0,1.0,1.0
3,150,742,1,311,5,0,0,0.0,1.0,0.0,0.0,0.0,0.0,0.0,1.0
0,329,80,8,18,0,1,2,1.0,1.0,1.0,1.0,1.0,1.0,1.0,1.0
0,132,605,12,75,0,1,2,1.0,1.0,1.0,1.0,1.0,1.0,1.0,1.0
0,45,417,12,223,0,1,1,1.0,1.0,1.0,1.0,1.0,1.0,1.0,1.0
0,601,473,8,504,0,0,0,0.0,0.0,0.0,0.0,0.0,0.0,0.0,0.0
5,1827,2093,8,193,0,0,0,0.0,0.0,0.0,0.0,0.0,0.0,0.0,0.0
0,122,92,4,2,0,0,3,1.0,1.0,1.0,1.0,1.0,1.0,1.0,1.0
0,413,351,8,757,0,0,0,1.0,0.0,0.0,0.0,0.0,0.0,0.0,0.0
0,1980,2236,17,912,0,0,1,0.0,0.0,0.0,0.0,0.0,0.0,0.0,0.0
0,64,43,0,19,10,1,3,1.0,1.0,1.0,1.0,1.0,1.0,1.0,1.0
5,1415,1686,6,879,28,0,3,0.0,0.0,0.0,0.0,0.0,0.0,0.0,0.0
0,313,466,1,53,0,0,2,1.0,1.0,1.0,1.0,1.0,1.0,1.0,1.0
0,16,109,1,15,0,1,3,1.0,1.0,1.0,1.0,1.0,1.0,1.0,1.0
0,815,107,14,444,0,1,3,1.0,1.0,1.0,1.0,1.0,1.0,1.0,1.0
0,2021,2273,0,1270,0,0,0,0.0,0.0,0.0,0.0,0.0,0.0,0.0,0.0
0,207,957,5,425,0,0,2,0.0,0.0,1.0,1.0,1.0,1.0,1.0,0.0
0,1916,2174,5,1200,0,0,2,0.0,0.0,0.0,0.0,0.0,0.0,0.0,0.0
0,982,1176,13,18,0,0,1,0.0,0.0,0.0,0.0,0.0,0.0,0.0,0.0
0,920,1107,8,44,0,1,2,0.0,0.0,1.0,1.0,1.0,1.0,0.0,0.0
0,162,791,1,255,0,0,1,1.0,0.0,1.0,1.0,0.0,0.0,0.0,0.0
0,39,207,13,2,0,0,3,1.0,1.0,1.0,1.0,1.0,1.0,1.0,1.0
0,245,204,8,31,0,0,0,1.0,1.0,1.0,1.0,1.0,1.0,1.0,1.0
0,2031,2284,8,193,15,0,0,0.0,0.0,0.0,0.0,0.0,0.0,0.0,0.0
0,194,201,8,1,0,0,3,1.0,1.0,1.0,1.0,1.0,1.0,1.0,1.0
0,1708,790,8,1159,0,0,0,0.0,0.0,0.0,0.0,0.0,0.0,0.0,0.0
0,959,1157,15,64,6,1,2,0.0,0.0,1.0,1.0,1.0,1.0,0.0,0.0
0,717,1529,8,404,0,0,1,1.0,0.0,0.0,0.0,0.0,0.0,0.0,0.0
2,1319,1068,5,506,9,0,2,1.0,0.0,0.0,0.0,1.0,0.0,0.0,0.0
0,840,999,1,459,16,0,1,0.0,0.0,0.0,0.0,0.0,0.0,0.0,0.0
0,357,556,5,126,0,0,0,0.0,0.0,1.0,1.0,0.0,0.0,0.0,0.0
0,1626,2051,5,1114,0,0,2,1.0,0.0,0.0,0.0,0.0,0.0,0.0,0.0
0,331,624,8,228,0,0,1,1.0,1.0,1.0,1.0,0.0,1.0,1.0,1.0
2,468,580,2,103,9,0,0,0.0,1.0,1.0,1.0,0.0,1.0,0.0,1.0
0,249,335,13,63,0,2,3,1.0,1.0,1.0,1.0,1.0,1.0,1.0,1.0
0,542,611,1,20,0,3,3,1.0,0.0,1.0,1.0,1.0,1.0,1.0,1.0
0,1313,1739,15,67,0,0,1,0.0,0.0,0.0,0.0,0.0,0.0,0.0,0.0
0,124,163,8,264,0,0,0,1.0,1.0,1.0,1.0,0.0,1.0,1.0,1.0
0,1092,1308,0,482,0,0,3,0.0,0.0,0.0,0.0,1.0,0.0,0.0,0.0
0,71,146,4,89,0,0,3,1.0,1.0,1.0,1.0,1.0,1.0,1.0,1.0
0,159,309,0,41,0,1,3,1.0,1.0,1.0,1.0,1.0,1.0,1.0,1.0
0,437,235,8,261,0,1,3,1.0,1.0,1.0,1.0,1.0,1.0,1.0,1.0
0,758,1327,8,643,1,1,0,1.0,0.0,0.0,0.0,0.0,0.0,0.0,0.0
0,103,193,8,18,0,0,1,1.0,1.0,1.0,1.0,1.0,1.0,1.0,1.0
0,487,707,5,151,0,0,3,1.0,1.0,1.0,1.0,1.0,1.0,1.0,1.0
0,664,817,8,31,0,0,3,1.0,0.0,1.0,1.0,1.0,1.0,0.0,0.0
0,706,867,8,18,0,0,1,0.0,0.0,1.0,1.0,0.0,0.0,0.0,0.0
0,421,1188,5,267,0,0,0,0.0,0.0,0.0,0.0,0.0,0.0,0.0,0.0
0,18,503,6,531,9,2,3,1.0,1.0,1.0,1.0,1.0,1.0,1.0,1.0
0,191,848,5,9,0,0,1,1.0,1.0,1.0,1.0,1.0,1.0,1.0,1.0
2,468,1074,5,103,8,1,1,1.0,0.0,1.0,1.0,0.0,0.0,0.0,0.0
2,672,827,8,235,9,0,1,0.0,0.0,0.0,0.0,0.0,0.0,0.0,0.0
0,1471,1126,8,351,1,1,1,1.0,0.0,0.0,0.0,1.0,0.0,0.0,0.0
0,75,532,5,722,7,0,2,0.0,0.0,1.0,1.0,0.0,1.0,0.0,0.0
0,57,53,1,9,3,0,2,1.0,1.0,1.0,1.0,1.0,1.0,1.0,1.0
0,240,490,1,7,49,0,1,1.0,1.0,0.0,0.0,1.0,1.0,1.0,1.0
0,516,531,5,13,0,1,2,0.0,1.0,1.0,1.0,1.0,1.0,1.0,1.0
6,1185,1421,12,707,13,0,0,0.0,0.0,0.0,0.0,0.0,0.0,0.0,0.0
0,510,464,0,44,0,1,2,1.0,1.0,1.0,1.0,1.0,1.0,1.0,1.0
0,714,1673,8,863,0,0,1,0.0,0.0,0.0,0.0,0.0,0.0,0.0,0.0
0,1528,1783,8,934,1,0,0,0.0,0.0,0.0,0.0,0.0,0.0,0.0,0.0
2,974,471,5,558,9,0,2,0.0,1.0,0.0,0.0,1.0,1.0,0.0,1.0
0,2084,2333,6,1307,0,0,0,0.0,0.0,0.0,0.0,0.0,0.0,0.0,0.0
0,354,1281,13,621,10,0,1,0.0,1.0,0.0,0.0,0.0,1.0,0.0,0.0
0,154,433,13,12,0,2,2,1.0,1.0,1.0,1.0,1.0,1.0,1.0,1.0
0,188,227,8,46,0,2,3,1.0,1.0,1.0,1.0,1.0,1.0,1.0,1.0
0,71,128,4,18,0,0,3,1.0,1.0,1.0,1.0,1.0,1.0,1.0,1.0
0,23,94,1,37,1,0,3,1.0,1.0,1.0,1.0,1.0,1.0,1.0,1.0
0,1102,1315,8,13,0,0,0,0.0,0.0,0.0,0.0,0.0,0.0,0.0,0.0
0,155,275,13,212,0,0,1,1.0,1.0,1.0,1.0,0.0,1.0,1.0,1.0
0,1425,1694,16,885,0,0,0,0.0,0.0,0.0,0.0,0.0,0.0,0.0,0.0
0,19,0,5,9,0,3,3,1.0,1.0,1.0,1.0,1.0,1.0,1.0,1.0
0,312,294,5,2,0,1,1,1.0,1.0,1.0,1.0,1.0,1.0,1.0,1.0
0,188,202,12,2,0,0,3,1.0,1.0,1.0,1.0,1.0,1.0,1.0,1.0
0,852,1018,5,5,0,0,1,1.0,0.0,0.0,0.0,0.0,0.0,0.0,0.0
0,1719,1860,2,404,0,0,3,1.0,0.0,0.0,0.0,1.0,0.0,0.0,0.0
0,75,468,0,46,0,0,1,1.0,1.0,1.0,1.0,1.0,1.0,1.0,1.0
0,56,280,8,44,0,0,2,0.0,1.0,1.0,1.0,1.0,1.0,1.0,1.0
0,450,164,5,9,0,0,3,0.0,1.0,1.0,1.0,1.0,1.0,1.0,1.0
0,994,1901,8,193,0,0,0,0.0,0.0,0.0,0.0,0.0,0.0,0.0,0.0
0,1801,2067,16,193,15,0,0,0.0,0.0,0.0,0.0,0.0,0.0,0.0,0.0
0,1289,1543,8,779,0,0,1,0.0,0.0,0.0,0.0,0.0,0.0,0.0,0.0
0,265,339,8,135,0,1,1,0.0,1.0,1.0,1.0,1.0,1.0,1.0,1.0
0,1633,577,13,1003,0,0,3,0.0,0.0,0.0,0.0,1.0,0.0,0.0,0.0
0,54,227,0,19,6,0,1,1.0,1.0,1.0,1.0,1.0,1.0,1.0,1.0
0,1893,1880,5,1189,0,0,0,0.0,0.0,0.0,0.0,0.0,0.0,0.0,0.0
0,881,429,0,19,10,0,1,0.0,1.0,1.0,1.0,0.0,1.0,0.0,1.0
0,126,367,8,2,0,0,1,1.0,1.0,1.0,1.0,1.0,1.0,1.0,1.0
0,342,355,5,46,0,0,2,0.0,1.0,1.0,1.0,1.0,1.0,1.0,1.0
0,57,48,2,15,0,0,2,1.0,1.0,1.0,1.0,1.0,1.0,1.0,1.0
0,1042,1238,5,662,0,0,2,0.0,0.0,0.0,0.0,0.0,0.0,0.0,0.0
0,100,607,0,5,0,0,1,1.0,0.0,1.0,1.0,1.0,1.0,1.0,1.0
0,159,48,0,15,0,0,3,1.0,1.0,1.0,1.0,1.0,1.0,1.0,1.0
0,76,514,5,63,1,0,0,0.0,1.0,1.0,1.0,0.0,1.0,1.0,1.0
0,29,402,7,18,0,0,2,0.0,1.0,1.0,1.0,1.0,1.0,1.0,1.0
0,1221,1490,6,743,1,0,2,0.0,0.0,0.0,0.0,0.0,0.0,0.0,0.0
0,378,299,0,18,6,0,0,0.0,1.0,1.0,1.0,0.0,1.0,1.0,1.0
0,265,293,0,18,0,0,2,1.0,1.0,1.0,1.0,1.0,1.0,1.0,1.0
0,1711,1087,15,383,6,1,2,1.0,0.0,0.0,0.0,1.0,0.0,0.0,0.0
0,1501,1762,8,923,0,0,0,0.0,0.0,0.0,0.0,0.0,0.0,0.0,0.0
3,150,337,0,137,16,1,1,0.0,0.0,1.0,1.0,1.0,1.0,1.0,1.0
0,1195,545,15,13,0,1,3,1.0,0.0,1.0,1.0,1.0,1.0,1.0,1.0
0,682,973,5,14,7,1,3,1.0,1.0,1.0,1.0,1.0,1.0,1.0,1.0
0,228,499,1,15,0,0,0,0.0,1.0,1.0,1.0,0.0,1.0,1.0,1.0
0,284,14,0,53,0,1,0,0.0,1.0,1.0,1.0,1.0,1.0,1.0,1.0
0,372,469,8,15,0,1,1,1.0,1.0,1.0,1.0,1.0,1.0,1.0,1.0
1,1910,1258,0,1198,8,3,2,1.0,0.0,1.0,1.0,1.0,0.0,0.0,0.0
0,84,1339,8,123,0,0,1,1.0,0.0,1.0,1.0,0.0,0.0,0.0,0.0
0,521,632,4,207,0,0,1,0.0,0.0,1.0,1.0,1.0,1.0,0.0,0.0
0,751,994,0,158,0,1,2,0.0,0.0,1.0,1.0,1.0,1.0,0.0,0.0
0,56,597,12,229,0,0,1,0.0,1.0,1.0,1.0,1.0,1.0,1.0,1.0
0,176,85,12,1,1,3,3,1.0,1.0,1.0,1.0,1.0,1.0,1.0,1.0
0,590,732,8,75,1,0,2,0.0,1.0,1.0,1.0,1.0,1.0,1.0,1.0
4,1681,826,5,95,20,0,0,0.0,0.0,0.0,0.0,0.0,0.0,0.0,0.0
0,558,598,5,42,0,1,3,1.0,1.0,1.0,1.0,1.0,1.0,1.0,1.0
0,109,821,0,15,7,2,3,0.0,0.0,1.0,1.0,1.0,1.0,1.0,1.0
0,102,949,13,273,12,0,1,0.0,1.0,0.0,0.0,0.0,0.0,0.0,0.0
0,1651,1910,5,1017,19,0,0,0.0,0.0,0.0,0.0,0.0,0.0,0.0,0.0
0,328,683,8,15,0,3,3,1.0,0.0,1.0,1.0,1.0,1.0,1.0,1.0
0,491,1665,5,535,0,0,0,0.0,0.0,0.0,0.0,0.0,0.0,0.0,0.0
0,109,371,4,52,12,0,1,1.0,1.0,1.0,1.0,1.0,1.0,1.0,1.0
0,1359,853,5,78,0,0,3,1.0,0.0,1.0,1.0,1.0,0.0,0.0,0.0
0,214,294,5,123,0,0,3,1.0,1.0,1.0,1.0,1.0,1.0,1.0,1.0
0,354,1391,5,273,0,0,2,0.0,0.0,1.0,1.0,1.0,1.0,0.0,0.0
0,500,847,4,9,0,0,1,1.0,0.0,1.0,1.0,0.0,0.0,0.0,0.0
0,707,625,0,138,0,0,3,1.0,1.0,1.0,1.0,1.0,1.0,1.0,1.0
0,2052,2305,12,1294,0,0,1,0.0,0.0,0.0,0.0,0.0,0.0,0.0,0.0
0,240,276,0,46,0,0,1,1.0,1.0,1.0,1.0,1.0,1.0,1.0,1.0
0,129,147,6,19,0,1,3,1.0,1.0,1.0,1.0,1.0,1.0,1.0,1.0
0,1404,1674,8,864,0,0,0,0.0,0.0,0.0,0.0,0.0,0.0,0.0,0.0
0,179,37,1,15,0,1,3,1.0,1.0,1.0,1.0,1.0,1.0,1.0,1.0
0,182,23,2,511,0,1,2,1.0,1.0,1.0,1.0,0.0,1.0,1.0,1.0
0,469,460,15,88,1,0,3,1.0,0.0,1.0,1.0,1.0,1.0,1.0,1.0
0,25,820,5,1,0,0,0,0.0,1.0,1.0,1.0,0.0,1.0,0.0,1.0
0,906,1087,15,200,0,1,3,0.0,0.0,1.0,1.0,1.0,1.0,0.0,0.0
2,272,1755,16,243,9,0,1,1.0,1.0,0.0,0.0,0.0,0.0,0.0,0.0
0,542,139,1,20,0,3,2,1.0,1.0,1.0,1.0,1.0,1.0,1.0,1.0
0,312,291,5,53,0,1,3,1.0,1.0,1.0,1.0,1.0,1.0,1.0,1.0
0,120,1458,8,549,24,0,3,0.0,0.0,0.0,0.0,1.0,0.0,0.0,0.0
0,280,1342,8,653,0,0,0,1.0,0.0,0.0,0.0,0.0,0.0,0.0,0.0
0,702,798,8,9,0,0,0,0.0,0.0,0.0,0.0,0.0,0.0,0.0,0.0
0,729,886,15,78,0,1,3,0.0,0.0,1.0,1.0,1.0,1.0,1.0,0.0
0,1384,173,5,748,1,0,2,0.0,0.0,0.0,0.0,0.0,0.0,0.0,0.0
0,331,236,8,46,0,0,3,1.0,1.0,1.0,1.0,1.0,1.0,1.0,1.0
0,1145,1374,5,364,6,0,2,0.0,0.0,0.0,0.0,0.0,0.0,0.0,0.0
0,1203,1043,8,1,0,0,2,0.0,1.0,0.0,0.0,1.0,1.0,0.0,0.0
0,129,776,6,52,0,2,1,1.0,0.0,1.0,1.0,1.0,1.0,1.0,1.0
0,507,142,4,158,0,2,3,1.0,1.0,1.0,1.0,1.0,1.0,1.0,1.0
0,565,1331,5,646,0,0,2,0.0,0.0,0.0,0.0,0.0,0.0,0.0,0.0
0,104,2310,6,887,0,0,3,1.0,0.0,0.0,0.0,1.0,0.0,0.0,0.0
0,525,545,15,269,7,0,3,0.0,0.0,1.0,1.0,1.0,1.0,1.0,1.0
0,737,703,8,44,28,0,2,0.0,1.0,0.0,0.0,1.0,1.0,0.0,1.0
0,347,893,8,401,0,1,1,1.0,0.0,1.0,1.0,1.0,1.0,0.0,0.0
0,156,331,5,15,0,0,3,1.0,1.0,1.0,1.0,1.0,1.0,1.0,1.0
0,564,692,2,15,10,0,1,1.0,1.0,1.0,1.0,1.0,1.0,0.0,1.0
0,1153,567,15,687,0,1,2,0.0,1.0,0.0,0.0,0.0,1.0,0.0,1.0
0,1541,1798,5,945,0,0,3,0.0,0.0,0.0,0.0,0.0,0.0,0.0,0.0
0,1877,2135,15,1182,0,0,1,0.0,0.0,0.0,0.0,0.0,0.0,0.0,0.0
0,573,1241,8,597,7,0,0,0.0,0.0,0.0,0.0,0.0,0.0,0.0,0.0
0,174,85,5,135,1,1,1,0.0,1.0,1.0,1.0,1.0,1.0,1.0,1.0
0,2,2,0,2,1,0,2,1.0,1.0,1.0,1.0,1.0,1.0,1.0,1.0
0,61,153,0,9,0,0,1,1.0,1.0,1.0,1.0,1.0,1.0,1.0,1.0
0,154,715,0,9,0,0,0,0.0,1.0,1.0,1.0,0.0,1.0,1.0,1.0
0,8,8,1,5,1,1,2,1.0,1.0,1.0,1.0,1.0,1.0,1.0,1.0
0,1162,1394,0,690,0,0,1,0.0,0.0,0.0,0.0,0.0,0.0,0.0,0.0
0,1911,2169,16,193,15,0,1,0.0,0.0,0.0,0.0,0.0,0.0,0.0,0.0
26,1636,1892,5,1005,56,0,1,1.0,0.0,0.0,0.0,0.0,0.0,0.0,0.0
0,29,28,3,1,0,1,3,1.0,1.0,1.0,1.0,1.0,1.0,1.0,1.0
0,121,314,15,39,12,0,3,1.0,1.0,1.0,1.0,1.0,1.0,1.0,1.0
0,551,167,3,163,0,0,2,0.0,0.0,1.0,1.0,1.0,1.0,1.0,1.0
0,314,132,0,15,0,1,2,1.0,1.0,1.0,1.0,1.0,1.0,1.0,1.0
0,187,201,1,44,0,1,1,1.0,1.0,1.0,1.0,1.0,1.0,1.0,1.0
0,128,1631,6,832,0,0,1,1.0,0.0,0.0,0.0,0.0,0.0,0.0,0.0
0,864,1027,7,2,0,1,1,0.0,0.0,1.0,1.0,1.0,1.0,0.0,0.0
0,76,67,2,9,0,1,3,1.0,1.0,1.0,1.0,1.0,1.0,1.0,1.0
0,439,551,0,18,0,0,3,1.0,1.0,1.0,1.0,1.0,1.0,1.0,1.0
0,271,128,0,87,7,3,1,0.0,1.0,1.0,1.0,1.0,1.0,1.0,1.0
2,721,743,12,193,9,0,0,0.0,1.0,0.0,0.0,0.0,0.0,0.0,0.0
0,1997,2251,17,1257,0,0,0,0.0,0.0,0.0,0.0,0.0,0.0,0.0,0.0
0,1888,2146,13,193,15,0,0,0.0,0.0,0.0,0.0,0.0,0.0,0.0,0.0
0,1364,1629,8,193,0,0,1,0.0,0.0,0.0,0.0,0.0,0.0,0.0,0.0
0,313,568,5,223,8,0,3,1.0,1.0,1.0,1.0,1.0,1.0,1.0,1.0
0,115,511,5,2,0,0,0,0.0,1.0,1.0,1.0,0.0,1.0,1.0,1.0
0,1065,5,2,15,0,0,2,1.0,1.0,1.0,1.0,0.0,1.0,1.0,1.0
0,348,424,8,15,0,0,3,1.0,1.0,1.0,1.0,1.0,1.0,1.0,1.0
0,115,114,0,15,7,1,3,1.0,1.0,1.0,1.0,1.0,1.0,1.0,1.0
0,151,1069,13,506,19,0,3,1.0,0.0,0.0,0.0,1.0,0.0,0.0,0.0
0,299,695,8,31,1,0,2,0.0,0.0,1.0,1.0,1.0,1.0,1.0,0.0
0,901,1083,15,15,0,0,3,1.0,0.0,1.0,1.0,1.0,1.0,0.0,0.0
0,703,859,2,379,14,1,2,0.0,0.0,1.0,1.0,1.0,1.0,0.0,0.0
0,1963,2222,12,1239,0,0,1,0.0,0.0,0.0,0.0,0.0,0.0,0.0,0.0
0,26,640,6,44,0,0,3,1.0,1.0,1.0,1.0,1.0,1.0,1.0,1.0
0,159,391,0,52,0,0,2,1.0,1.0,1.0,1.0,1.0,1.0,1.0,1.0
0,76,695,8,453,0,0,1,1.0,1.0,1.0,1.0,0.0,1.0,1.0,1.0
11,1750,735,11,78,0,1,3,1.0,0.0,0.0,0.0,1.0,0.0,0.0,0.0
0,552,843,12,371,1,1,3,0.0,0.0,1.0,1.0,1.0,1.0,1.0,0.0
0,95,93,1,27,0,0,0,0.0,1.0,1.0,1.0,1.0,1.0,1.0,1.0
0,247,541,8,79,0,1,3,1.0,0.0,1.0,1.0,1.0,1.0,1.0,1.0
0,1017,1175,8,13,0,0,2,1.0,0.0,0.0,0.0,1.0,0.0,0.0,0.0
0,1928,2186,16,193,0,0,0,0.0,0.0,0.0,0.0,0.0,0.0,0.0,0.0
0,679,386,0,365,0,0,0,0.0,1.0,1.0,1.0,0.0,1.0,0.0,1.0
0,1200,1439,0,712,0,2,2,1.0,0.0,1.0,1.0,0.0,1.0,0.0,0.0
0,987,1187,8,151,0,1,0,0.0,0.0,0.0,0.0,0.0,0.0,0.0,0.0
0,27,460,1,273,1,1,3,1.0,1.0,1.0,1.0,1.0,1.0,1.0,1.0
0,500,847,4,9,0,0,3,1.0,0.0,1.0,1.0,1.0,1.0,1.0,0.0
0,108,242,6,33,0,1,3,1.0,1.0,1.0,1.0,1.0,1.0,1.0,1.0
0,84,24,0,15,0,2,2,1.0,1.0,1.0,1.0,1.0,1.0,1.0,1.0
0,425,540,5,46,0,0,2,1.0,1.0,1.0,1.0,1.0,1.0,1.0,1.0
0,799,956,8,423,0,0,0,0.0,0.0,0.0,0.0,0.0,0.0,0.0,0.0
0,84,474,0,63,7,1,0,1.0,1.0,1.0,1.0,1.0,1.0,1.0,1.0
0,49,785,5,457,1,0,0,0.0,1.0,0.0,0.0,0.0,0.0,0.0,0.0
0,836,997,8,307,15,0,0,0.0,0.0,0.0,0.0,0.0,0.0,0.0,0.0
0,470,383,0,78,0,1,2,1.0,1.0,1.0,1.0,1.0,1.0,1.0,1.0
0,164,127,1,52,0,0,3,1.0,1.0,1.0,1.0,1.0,1.0,1.0,1.0
0,155,47,5,15,9,1,1,1.0,1.0,1.0,1.0,1.0,1.0,1.0,1.0
0,1514,1293,4,15,9,0,1,1.0,0.0,0.0,0.0,0.0,0.0,0.0,0.0
0,1245,1207,5,417,0,0,0,0.0,0.0,0.0,0.0,1.0,0.0,0.0,0.0
0,82,1124,8,528,1,1,1,1.0,1.0,1.0,1.0,1.0,1.0,1.0,1.0
0,162,171,3,50,0,1,2,1.0,1.0,1.0,1.0,1.0,1.0,1.0,1.0
0,100,278,14,63,7,0,2,1.0,1.0,1.0,1.0,1.0,1.0,1.0,1.0
0,460,1432,8,193,15,0,0,0.0,0.0,0.0,0.0,0.0,0.0,0.0,0.0
0,1584,1936,0,18,0,1,0,1.0,0.0,0.0,0.0,0.0,0.0,0.0,0.0
0,56,724,5,1,0,2,1,1.0,1.0,1.0,1.0,1.0,1.0,1.0,1.0
0,579,2207,3,1228,0,0,1,0.0,0.0,0.0,0.0,0.0,0.0,0.0,0.0
0,356,444,8,1,0,0,3,0.0,0.0,1.0,1.0,1.0,1.0,1.0,1.0
0,87,434,13,317,1,1,3,1.0,1.0,1.0,1.0,1.0,1.0,1.0,1.0
0,111,15,1,11,4,1,2,1.0,1.0,1.0,1.0,1.0,1.0,1.0,1.0
0,7,7,4,9,0,3,3,1.0,1.0,1.0,1.0,1.0,1.0,1.0,1.0
0,71,704,0,301,0,0,2,1.0,1.0,1.0,1.0,1.0,1.0,1.0,1.0
0,1813,2079,5,1134,0,0,2,0.0,0.0,0.0,0.0,0.0,0.0,0.0,0.0
0,1948,2203,9,1225,7,0,0,0.0,0.0,0.0,0.0,0.0,0.0,0.0,0.0
0,1132,1352,0,660,1,0,1,0.0,0.0,0.0,0.0,0.0,0.0,0.0,0.0
0,92,115,1,22,0,1,1,1.0,1.0,1.0,1.0,1.0,1.0,1.0,1.0
0,477,23,3,96,0,0,3,1.0,1.0,1.0,1.0,1.0,1.0,1.0,1.0
0,392,291,8,1,0,3,1,1.0,1.0,1.0,1.0,1.0,1.0,1.0,1.0
0,286,325,5,126,0,1,3,1.0,1.0,1.0,1.0,1.0,1.0,1.0,1.0
0,1779,919,6,1108,0,0,3,1.0,0.0,0.0,0.0,0.0,0.0,0.0,0.0
0,302,289,4,567,0,1,3,1.0,1.0,1.0,1.0,1.0,1.0,1.0,1.0
0,284,366,2,1,0,0,0,1.0,1.0,1.0,1.0,0.0,1.0,1.0,1.0
0,856,825,8,551,6,1,0,0.0,1.0,0.0,0.0,0.0,0.0,0.0,0.0
0,1935,2191,15,193,15,0,0,0.0,0.0,0.0,0.0,0.0,0.0,0.0,0.0
0,1794,469,5,338,0,0,0,0.0,0.0,0.0,0.0,0.0,0.0,0.0,0.0
0,932,1126,8,530,0,0,0,1.0,0.0,0.0,0.0,0.0,0.0,0.0,0.0
0,1169,947,8,694,9,1,1,0.0,0.0,0.0,0.0,0.0,0.0,0.0,0.0
0,244,689,8,9,0,0,2,1.0,1.0,1.0,1.0,1.0,1.0,1.0,1.0
0,431,1839,8,971,0,0,2,0.0,0.0,0.0,0.0,0.0,0.0,0.0,0.0
0,632,794,5,18,0,1,3,0.0,1.0,1.0,1.0,1.0,1.0,1.0,1.0
0,32,107,2,41,0,0,3,1.0,1.0,1.0,1.0,1.0,1.0,1.0,1.0
0,1967,2226,5,1241,0,0,0,0.0,0.0,0.0,0.0,0.0,0.0,0.0,0.0
0,134,166,3,1,0,0,3,1.0,1.0,1.0,1.0,1.0,1.0,1.0,1.0
16,257,1154,5,549,24,0,1,0.0,0.0,0.0,0.0,1.0,0.0,0.0,0.0
0,1,334,15,250,9,0,2,1.0,1.0,1.0,1.0,1.0,1.0,1.0,1.0
0,962,994,15,5,0,0,1,0.0,1.0,0.0,0.0,0.0,0.0,0.0,0.0
0,89,86,2,1,0,0,1,1.0,1.0,1.0,1.0,1.0,1.0,1.0,1.0
0,39,71,0,46,7,1,3,1.0,1.0,1.0,1.0,1.0,1.0,1.0,1.0
0,98,963,13,149,6,0,2,1.0,0.0,1.0,1.0,1.0,1.0,0.0,0.0
0,779,941,1,52,8,2,0,0.0,0.0,1.0,1.0,1.0,1.0,0.0,0.0
0,188,202,8,2,0,0,1,1.0,1.0,1.0,1.0,1.0,1.0,1.0,1.0
0,212,51,1,32,6,0,3,1.0,1.0,1.0,1.0,1.0,1.0,1.0,1.0
0,129,130,0,54,1,0,3,1.0,1.0,1.0,1.0,1.0,1.0,1.0,1.0
0,169,429,8,513,0,0,1,0.0,1.0,1.0,1.0,1.0,1.0,0.0,1.0
0,765,465,0,2,0,0,1,1.0,1.0,1.0,1.0,0.0,1.0,1.0,1.0
0,91,90,7,36,0,1,2,1.0,1.0,1.0,1.0,1.0,1.0,1.0,1.0
0,586,466,8,115,0,0,2,0.0,1.0,1.0,1.0,1.0,1.0,1.0,1.0
0,821,978,7,92,0,0,0,0.0,0.0,0.0,0.0,0.0,0.0,0.0,0.0
0,329,693,8,86,0,0,1,0.0,0.0,1.0,1.0,0.0,0.0,0.0,0.0
0,1103,1317,1,635,0,0,0,0.0,0.0,0.0,0.0,0.0,0.0,0.0,0.0
0,2014,2063,5,1267,0,1,3,1.0,0.0,0.0,0.0,0.0,0.0,0.0,0.0
0,399,185,1,9,0,0,1,0.0,1.0,1.0,1.0,1.0,1.0,1.0,1.0
0,159,416,0,15,0,0,1,0.0,0.0,1.0,1.0,1.0,1.0,1.0,1.0
0,1804,2069,5,1128,4,0,1,0.0,0.0,0.0,0.0,0.0,0.0,0.0,0.0
0,509,622,8,265,0,0,1,0.0,0.0,1.0,1.0,0.0,1.0,0.0,0.0
0,587,1633,15,835,0,1,3,1.0,0.0,0.0,0.0,1.0,0.0,0.0,0.0
0,1262,1507,7,756,0,0,0,0.0,0.0,0.0,0.0,0.0,0.0,0.0,0.0
2,613,258,16,250,28,0,0,0.0,1.0,0.0,0.0,1.0,0.0,0.0,0.0
0,1178,1413,1,1,0,0,2,0.0,0.0,0.0,0.0,0.0,0.0,0.0,0.0
0,270,302,0,127,10,0,2,1.0,1.0,1.0,1.0,1.0,1.0,1.0,1.0
0,99,98,0,2,0,3,3,1.0,1.0,1.0,1.0,1.0,1.0,1.0,1.0
0,188,155,8,157,0,2,1,1.0,1.0,1.0,1.0,1.0,1.0,1.0,1.0
0,563,528,5,2,0,0,1,0.0,1.0,1.0,1.0,1.0,1.0,1.0,1.0
0,99,751,8,15,0,0,1,1.0,0.0,1.0,1.0,1.0,1.0,1.0,0.0
0,9,607,8,63,0,0,2,1.0,1.0,1.0,1.0,1.0,1.0,1.0,1.0
0,209,1666,5,193,4,0,1,0.0,0.0,0.0,0.0,0.0,0.0,0.0,0.0
0,240,490,1,78,2,0,1,1.0,1.0,1.0,1.0,0.0,1.0,1.0,1.0
0,979,612,8,9,0,0,3,1.0,1.0,1.0,1.0,1.0,1.0,1.0,1.0
0,1854,2119,5,1170,42,0,0,0.0,0.0,0.0,0.0,0.0,0.0,0.0,0.0
0,278,737,5,309,1,0,1,0.0,0.0,1.0,1.0,1.0,1.0,0.0,0.0
0,242,174,5,14,7,1,0,1.0,1.0,1.0,1.0,1.0,1.0,1.0,1.0
14,1410,1679,13,697,24,0,1,0.0,0.0,0.0,0.0,0.0,0.0,0.0,0.0
0,903,1430,15,44,0,0,1,0.0,0.0,0.0,0.0,0.0,0.0,0.0,0.0
0,181,885,15,944,0,0,0,0.0,1.0,0.0,0.0,0.0,1.0,0.0,0.0
0,121,561,5,9,0,0,2,1.0,1.0,1.0,1.0,1.0,1.0,1.0,1.0
0,27,535,0,2,0,1,2,1.0,1.0,1.0,1.0,1.0,1.0,1.0,1.0
0,298,167,3,1,0,0,3,1.0,1.0,1.0,1.0,1.0,1.0,1.0,1.0
0,110,995,15,553,1,0,3,0.0,1.0,1.0,1.0,1.0,1.0,1.0,1.0
0,2061,2316,15,193,15,0,0,0.0,0.0,0.0,0.0,0.0,0.0,0.0,0.0
0,32,505,0,179,9,0,3,1.0,1.0,1.0,1.0,1.0,1.0,1.0,1.0
0,71,128,1,46,0,0,3,1.0,1.0,1.0,1.0,1.0,1.0,1.0,1.0
0,1832,2100,8,1150,0,0,0,0.0,0.0,0.0,0.0,0.0,0.0,0.0,0.0
0,56,256,11,102,0,0,1,1.0,1.0,1.0,1.0,1.0,1.0,1.0,1.0
0,465,628,0,15,8,0,2,1.0,1.0,1.0,1.0,1.0,1.0,1.0,1.0
0,701,1091,5,239,9,0,0,1.0,0.0,0.0,0.0,0.0,0.0,0.0,0.0
0,768,511,5,63,0,0,1,1.0,1.0,1.0,1.0,1.0,1.0,1.0,1.0
0,346,335,0,200,0,2,3,1.0,1.0,1.0,1.0,1.0,1.0,1.0,1.0
0,1402,1671,0,193,15,0,0,0.0,0.0,0.0,0.0,0.0,0.0,0.0,0.0
0,1999,1061,19,1258,0,0,0,0.0,0.0,0.0,0.0,0.0,0.0,0.0,0.0
0,103,109,8,9,0,1,2,1.0,1.0,1.0,1.0,1.0,1.0,1.0,1.0
0,573,701,8,13,0,1,0,1.0,1.0,1.0,1.0,0.0,1.0,1.0,1.0
0,240,490,0,78,1,1,2,1.0,1.0,1.0,1.0,1.0,1.0,1.0,1.0
0,1500,1106,0,922,6,0,3,0.0,1.0,0.0,0.0,1.0,1.0,0.0,0.0
0,31,84,6,2,11,1,3,1.0,1.0,1.0,1.0,1.0,1.0,1.0,1.0
0,1637,1647,19,193,15,0,0,0.0,0.0,0.0,0.0,0.0,0.0,0.0,0.0
0,1613,1864,6,193,0,0,0,0.0,0.0,0.0,0.0,0.0,0.0,0.0,0.0
0,738,898,1,1,10,0,1,1.0,1.0,1.0,1.0,1.0,1.0,0.0,1.0
0,155,221,1,15,0,0,2,0.0,1.0,1.0,1.0,1.0,1.0,1.0,1.0
0,1830,2097,5,193,15,0,0,0.0,0.0,0.0,0.0,0.0,0.0,0.0,0.0
0,992,1191,8,325,6,2,0,0.0,0.0,1.0,1.0,0.0,1.0,0.0,0.0
0,78,131,5,60,0,0,3,1.0,1.0,1.0,1.0,1.0,1.0,1.0,1.0
0,153,159,8,13,15,0,0,0.0,1.0,1.0,1.0,0.0,1.0,1.0,1.0
0,407,433,5,209,11,1,1,0.0,1.0,1.0,1.0,1.0,1.0,1.0,1.0
0,1724,1994,6,1080,0,0,1,0.0,0.0,0.0,0.0,0.0,0.0,0.0,0.0
0,262,394,0,126,0,1,3,1.0,1.0,1.0,1.0,1.0,1.0,1.0,1.0
0,587,1243,8,158,0,1,3,0.0,0.0,1.0,1.0,1.0,0.0,0.0,0.0
0,1608,1861,6,987,0,0,0,0.0,0.0,0.0,0.0,0.0,0.0,0.0,0.0
0,170,542,5,725,0,0,1,0.0,0.0,0.0,0.0,0.0,0.0,0.0,0.0
0,926,1825,19,193,13,0,0,0.0,0.0,0.0,0.0,0.0,0.0,0.0,0.0
0,354,242,13,126,0,0,3,1.0,1.0,1.0,1.0,1.0,1.0,1.0,1.0
0,1024,405,15,9,0,0,0,0.0,0.0,0.0,0.0,0.0,0.0,0.0,0.0
0,79,280,0,78,7,0,2,0.0,1.0,1.0,1.0,1.0,1.0,1.0,1.0
0,1276,1522,4,1273,0,0,0,0.0,0.0,0.0,0.0,1.0,0.0,0.0,0.0
0,79,513,0,110,0,1,3,1.0,1.0,1.0,1.0,1.0,1.0,1.0,1.0
0,357,423,5,9,0,0,3,1.0,1.0,1.0,1.0,1.0,1.0,1.0,1.0
0,308,1351,8,659,14,0,0,0.0,0.0,0.0,0.0,0.0,0.0,0.0,0.0
8,1001,1204,9,579,31,0,0,0.0,0.0,0.0,0.0,0.0,0.0,0.0,0.0
15,1167,1396,5,223,47,0,0,0.0,0.0,0.0,0.0,0.0,0.0,0.0,0.0
0,129,147,6,19,0,0,3,1.0,1.0,1.0,1.0,1.0,1.0,1.0,1.0
0,371,4,1,1,0,0,2,1.0,1.0,1.0,1.0,1.0,1.0,1.0,1.0
0,398,799,8,158,0,0,0,0.0,0.0,1.0,1.0,0.0,0.0,0.0,0.0
0,688,1777,12,930,4,0,3,1.0,0.0,0.0,0.0,0.0,0.0,0.0,0.0
0,491,1300,12,112,0,1,0,0.0,0.0,1.0,1.0,0.0,0.0,0.0,0.0
0,701,316,8,396,0,0,1,1.0,1.0,1.0,1.0,0.0,1.0,1.0,1.0
0,296,1616,8,887,0,0,0,1.0,0.0,0.0,0.0,0.0,0.0,0.0,0.0
2,595,743,8,312,14,1,1,1.0,0.0,1.0,1.0,0.0,1.0,0.0,0.0
0,223,248,12,94,0,0,0,0.0,1.0,1.0,1.0,0.0,1.0,1.0,1.0
0,107,104,0,43,0,0,3,1.0,1.0,1.0,1.0,1.0,1.0,1.0,1.0
0,1508,455,8,15,0,1,3,1.0,0.0,1.0,1.0,1.0,1.0,0.0,1.0
0,200,42,2,15,0,0,0,1.0,1.0,1.0,1.0,0.0,1.0,1.0,1.0
0,341,466,8,53,0,0,3,1.0,1.0,1.0,1.0,1.0,1.0,1.0,1.0
0,121,203,13,15,9,0,3,1.0,1.0,1.0,1.0,1.0,1.0,1.0,1.0
0,26,262,0,9,0,0,3,1.0,1.0,1.0,1.0,1.0,1.0,1.0,1.0
0,2086,2335,4,720,0,0,0,1.0,1.0,0.0,0.0,0.0,0.0,0.0,0.0
0,2044,2299,8,1289,0,0,0,0.0,0.0,0.0,0.0,0.0,0.0,0.0,0.0
0,908,1056,8,515,0,0,1,0.0,0.0,0.0,0.0,0.0,0.0,0.0,0.0
0,499,235,8,13,0,0,3,1.0,1.0,1.0,1.0,1.0,1.0,1.0,1.0
0,314,271,8,13,0,0,0,1.0,1.0,1.0,1.0,1.0,1.0,1.0,1.0
0,60,1354,5,443,0,0,1,0.0,0.0,0.0,0.0,0.0,0.0,0.0,0.0
0,313,1488,8,740,0,0,1,0.0,0.0,0.0,0.0,0.0,0.0,0.0,0.0
0,55,294,8,115,0,0,1,1.0,1.0,1.0,1.0,1.0,1.0,1.0,1.0
0,770,776,8,9,0,0,3,0.0,0.0,1.0,1.0,1.0,1.0,0.0,1.0
0,1086,919,15,126,0,0,3,1.0,0.0,1.0,1.0,1.0,1.0,0.0,0.0
0,398,400,1,9,0,0,0,0.0,1.0,1.0,1.0,0.0,1.0,1.0,1.0
0,565,1271,8,208,6,0,0,0.0,0.0,0.0,0.0,0.0,0.0,0.0,0.0
0,692,664,15,2,0,0,3,1.0,1.0,1.0,1.0,1.0,1.0,1.0,1.0
0,2056,2312,5,193,0,0,1,0.0,0.0,0.0,0.0,0.0,0.0,0.0,0.0
0,807,964,8,431,19,0,0,1.0,0.0,0.0,0.0,0.0,0.0,0.0,0.0
0,147,677,5,53,0,0,1,0.0,1.0,1.0,1.0,1.0,1.0,1.0,1.0
0,1081,1293,0,15,9,2,3,1.0,0.0,1.0,1.0,1.0,1.0,0.0,0.0
0,1652,1911,6,193,1,0,0,0.0,0.0,0.0,0.0,0.0,0.0,0.0,0.0
0,1259,1503,13,752,0,0,1,0.0,0.0,0.0,0.0,0.0,0.0,0.0,0.0
0,70,102,2,22,0,0,2,1.0,1.0,1.0,1.0,1.0,1.0,1.0,1.0
0,1955,2211,19,193,15,0,0,0.0,0.0,0.0,0.0,0.0,0.0,0.0,0.0
0,69,41,0,18,0,2,3,1.0,1.0,1.0,1.0,1.0,1.0,1.0,1.0
0,7,46,1,4,0,3,3,1.0,1.0,1.0,1.0,1.0,1.0,1.0,1.0
0,1582,1835,16,193,0,0,0,0.0,0.0,0.0,0.0,0.0,0.0,0.0,0.0
0,1072,1282,5,273,13,0,1,1.0,0.0,0.0,0.0,0.0,0.0,0.0,0.0
0,1765,2029,2,1101,6,0,3,0.0,0.0,0.0,0.0,0.0,0.0,0.0,0.0
0,332,165,0,63,0,1,3,1.0,0.0,1.0,1.0,1.0,1.0,1.0,1.0
0,439,162,8,341,0,0,1,1.0,1.0,1.0,1.0,0.0,1.0,1.0,1.0
0,499,757,5,273,34,0,2,0.0,1.0,0.0,0.0,0.0,0.0,0.0,0.0
0,124,163,0,2,0,1,1,1.0,1.0,1.0,1.0,1.0,1.0,1.0,1.0
0,159,1606,0,15,0,0,0,0.0,0.0,0.0,0.0,0.0,0.0,0.0,0.0
0,15,16,0,2,0,2,3,1.0,1.0,1.0,1.0,1.0,1.0,1.0,1.0
0,78,464,13,218,9,0,1,1.0,1.0,1.0,1.0,1.0,1.0,1.0,1.0
0,1,813,12,13,0,0,1,0.0,1.0,1.0,1.0,1.0,1.0,1.0,1.0
0,124,186,8,74,0,0,1,1.0,1.0,1.0,1.0,1.0,1.0,1.0,1.0
0,286,325,12,5,0,0,1,1.0,1.0,1.0,1.0,1.0,1.0,1.0,1.0
33,1858,446,15,1172,17,0,2,0.0,0.0,0.0,0.0,0.0,0.0,0.0,0.0
0,354,1173,5,1089,0,0,2,0.0,1.0,0.0,0.0,1.0,1.0,1.0,1.0
0,119,708,17,13,0,0,1,0.0,0.0,1.0,1.0,1.0,1.0,1.0,1.0
0,660,810,5,1,0,0,0,1.0,1.0,0.0,0.0,0.0,0.0,0.0,0.0
0,1164,915,8,193,0,0,1,0.0,0.0,0.0,0.0,0.0,0.0,0.0,0.0
0,633,212,0,13,0,0,1,1.0,1.0,1.0,1.0,1.0,1.0,1.0,1.0
0,143,120,4,5,1,0,3,1.0,1.0,1.0,1.0,1.0,1.0,1.0,1.0
0,78,394,0,2,29,0,3,1.0,1.0,0.0,0.0,1.0,1.0,1.0,1.0
0,579,252,1,306,6,0,0,1.0,1.0,1.0,1.0,0.0,1.0,1.0,1.0
0,126,125,3,50,0,0,2,1.0,1.0,1.0,1.0,1.0,1.0,1.0,1.0
0,431,132,8,1175,0,0,0,0.0,0.0,0.0,0.0,0.0,0.0,0.0,0.0
0,842,1000,5,1247,0,0,1,0.0,0.0,0.0,0.0,0.0,0.0,0.0,0.0
0,200,458,5,15,0,0,0,0.0,1.0,1.0,1.0,0.0,1.0,1.0,1.0
0,1733,2004,8,622,13,0,0,0.0,0.0,0.0,0.0,0.0,0.0,0.0,0.0
0,1317,1896,5,1007,0,0,0,0.0,0.0,0.0,0.0,0.0,0.0,0.0,0.0
0,319,1044,5,31,0,0,3,0.0,1.0,1.0,1.0,1.0,1.0,1.0,1.0
0,739,899,9,38,1,1,2,1.0,1.0,1.0,1.0,1.0,1.0,1.0,1.0
0,766,924,5,9,0,1,2,1.0,1.0,1.0,1.0,1.0,1.0,1.0,1.0
0,188,601,8,2,0,1,1,1.0,1.0,1.0,1.0,1.0,1.0,1.0,1.0
0,1807,2073,14,898,0,0,3,0.0,0.0,0.0,0.0,0.0,0.0,0.0,0.0
0,92,149,5,13,0,0,1,1.0,1.0,1.0,1.0,1.0,1.0,1.0,1.0
0,207,333,15,126,0,0,3,1.0,0.0,1.0,1.0,1.0,1.0,1.0,1.0
0,346,709,15,634,0,1,3,0.0,0.0,1.0,1.0,1.0,1.0,1.0,1.0
0,44,159,8,63,0,0,2,1.0,1.0,1.0,1.0,1.0,1.0,1.0,1.0
0,82,736,6,64,0,1,1,1.0,0.0,1.0,1.0,1.0,1.0,1.0,1.0
0,115,134,4,52,0,0,3,1.0,1.0,1.0,1.0,1.0,1.0,1.0,1.0
0,115,305,8,18,0,1,1,0.0,1.0,1.0,1.0,1.0,1.0,1.0,1.0
0,1112,503,5,1,0,0,2,1.0,0.0,1.0,1.0,0.0,0.0,0.0,0.0
0,1547,1803,5,193,15,0,0,0.0,0.0,0.0,0.0,0.0,0.0,0.0,0.0
0,267,828,5,18,0,0,0,0.0,1.0,1.0,1.0,0.0,1.0,0.0,0.0
0,460,926,8,193,0,0,0,0.0,0.0,0.0,0.0,0.0,0.0,0.0,0.0
0,213,36,2,138,0,0,3,1.0,1.0,1.0,1.0,1.0,1.0,1.0,1.0
0,11,126,8,114,0,1,3,1.0,1.0,1.0,1.0,1.0,1.0,1.0,1.0
0,1224,1471,5,193,15,0,0,0.0,0.0,0.0,0.0,0.0,0.0,0.0,0.0
0,407,1090,5,273,0,0,1,1.0,0.0,1.0,1.0,0.0,0.0,0.0,0.0
0,347,893,0,9,0,1,1,0.0,1.0,1.0,1.0,1.0,1.0,1.0,1.0
0,208,1052,8,63,0,0,0,0.0,0.0,0.0,0.0,0.0,0.0,0.0,0.0
0,77,1514,15,760,0,0,2,1.0,0.0,0.0,0.0,1.0,0.0,0.0,0.0
0,1221,1791,0,364,0,0,1,1.0,0.0,0.0,0.0,0.0,0.0,0.0,0.0
0,16,17,0,31,1,1,3,1.0,1.0,1.0,1.0,1.0,1.0,1.0,1.0
2,1667,1930,5,1031,9,0,1,0.0,0.0,0.0,0.0,0.0,0.0,0.0,0.0
0,732,1336,0,194,0,0,1,0.0,0.0,0.0,0.0,0.0,0.0,0.0,0.0
0,118,626,1,18,0,0,0,1.0,1.0,1.0,1.0,0.0,1.0,1.0,1.0
0,144,897,8,86,0,0,2,1.0,0.0,1.0,1.0,1.0,1.0,0.0,0.0
0,132,558,8,228,0,1,3,1.0,1.0,1.0,1.0,1.0,1.0,1.0,1.0
0,57,41,0,55,0,1,3,1.0,1.0,1.0,1.0,1.0,1.0,1.0,1.0
0,752,52,0,2,0,1,2,1.0,1.0,1.0,1.0,0.0,1.0,1.0,1.0
0,691,132,8,376,0,0,2,1.0,1.0,1.0,1.0,1.0,1.0,1.0,1.0
0,37,1195,1,53,0,0,0,0.0,0.0,0.0,0.0,0.0,0.0,0.0,0.0
0,222,441,0,2,0,2,2,1.0,1.0,1.0,1.0,1.0,1.0,1.0,1.0
0,586,1219,1,18,0,2,0,1.0,0.0,1.0,1.0,0.0,0.0,0.0,0.0
0,1339,246,0,814,6,1,3,1.0,0.0,0.0,0.0,1.0,0.0,0.0,0.0
0,18,570,6,41,0,0,1,1.0,1.0,1.0,1.0,1.0,1.0,1.0,1.0
0,398,769,8,75,0,0,3,0.0,1.0,1.0,1.0,1.0,1.0,1.0,1.0
0,381,478,5,15,7,1,1,1.0,0.0,1.0,1.0,1.0,1.0,1.0,1.0
0,84,315,1,15,0,1,1,0.0,1.0,1.0,1.0,1.0,1.0,1.0,1.0
0,1754,2016,8,193,15,0,0,0.0,0.0,0.0,0.0,0.0,0.0,0.0,0.0
0,1120,433,8,13,0,0,0,0.0,0.0,0.0,0.0,0.0,0.0,0.0,0.0
0,272,97,13,9,6,0,2,1.0,1.0,1.0,1.0,1.0,1.0,1.0,1.0
10,771,930,0,2,5,0,2,1.0,1.0,0.0,0.0,0.0,1.0,0.0,0.0
0,270,168,6,127,0,1,3,1.0,1.0,1.0,1.0,1.0,1.0,1.0,1.0
0,640,502,0,318,0,0,2,0.0,0.0,1.0,1.0,1.0,1.0,1.0,1.0
0,62,56,4,24,0,1,3,1.0,1.0,1.0,1.0,1.0,1.0,1.0,1.0
0,403,531,13,273,0,0,2,1.0,1.0,1.0,1.0,1.0,1.0,1.0,1.0
0,226,434,5,18,7,0,3,0.0,1.0,1.0,1.0,1.0,1.0,1.0,1.0
0,1347,631,8,5,0,0,3,1.0,0.0,1.0,1.0,1.0,0.0,0.0,0.0
0,463,568,8,223,0,0,2,0.0,1.0,1.0,1.0,1.0,1.0,1.0,1.0
0,437,342,8,300,0,0,2,1.0,1.0,1.0,1.0,1.0,1.0,1.0,1.0
0,3,163,8,9,0,3,3,1.0,1.0,1.0,1.0,1.0,1.0,1.0,1.0
0,75,104,0,9,0,0,3,0.0,1.0,1.0,1.0,1.0,1.0,1.0,1.0
0,121,881,14,179,9,0,3,1.0,0.0,1.0,1.0,1.0,1.0,1.0,1.0
0,1616,1867,8,193,1,0,0,0.0,0.0,0.0,0.0,0.0,0.0,0.0,0.0
0,3,720,0,200,0,0,3,1.0,0.0,1.0,1.0,1.0,1.0,1.0,1.0
0,1753,1286,16,1093,0,0,0,0.0,0.0,0.0,0.0,0.0,0.0,0.0,0.0
6,1414,1957,12,1052,13,0,0,0.0,0.0,0.0,0.0,0.0,0.0,0.0,0.0
0,356,1207,6,1245,0,0,2,0.0,1.0,0.0,0.0,1.0,1.0,0.0,1.0
0,745,904,15,46,0,0,2,1.0,1.0,1.0,1.0,1.0,1.0,1.0,1.0
15,946,1567,0,95,47,0,1,0.0,0.0,0.0,0.0,0.0,0.0,0.0,0.0
0,1590,1845,16,193,0,0,0,0.0,0.0,0.0,0.0,0.0,0.0,0.0,0.0
0,780,787,13,256,0,0,0,0.0,0.0,0.0,0.0,1.0,0.0,0.0,0.0
0,126,106,0,41,6,3,3,1.0,1.0,1.0,1.0,1.0,1.0,1.0,1.0
0,926,2275,16,193,0,0,0,0.0,0.0,0.0,0.0,0.0,0.0,0.0,0.0
0,39,118,5,9,0,1,1,1.0,1.0,1.0,1.0,1.0,1.0,1.0,1.0
0,90,89,5,15,0,0,3,1.0,1.0,1.0,1.0,1.0,1.0,1.0,1.0
0,922,529,17,520,0,0,1,0.0,0.0,0.0,0.0,0.0,0.0,0.0,0.0
0,1391,1656,15,856,0,0,0,0.0,0.0,0.0,0.0,0.0,0.0,0.0,0.0
0,1772,255,5,454,0,0,1,0.0,0.0,0.0,0.0,0.0,0.0,0.0,0.0
8,1405,1246,5,865,31,0,2,1.0,1.0,0.0,0.0,1.0,1.0,0.0,0.0
0,198,974,12,15,18,0,0,1.0,1.0,0.0,0.0,0.0,0.0,0.0,0.0
0,1806,2072,6,193,13,0,0,0.0,0.0,0.0,0.0,0.0,0.0,0.0,0.0
0,26,390,17,229,0,0,1,0.0,1.0,1.0,1.0,1.0,1.0,1.0,1.0
0,483,598,5,251,0,0,0,1.0,1.0,1.0,1.0,0.0,1.0,0.0,0.0
0,2045,2300,15,1291,0,0,1,0.0,0.0,0.0,0.0,0.0,0.0,0.0,0.0
0,129,147,12,15,0,0,1,1.0,1.0,1.0,1.0,1.0,1.0,1.0,1.0
0,316,212,15,9,1,0,3,1.0,1.0,1.0,1.0,1.0,1.0,1.0,1.0
0,1836,2106,8,1154,6,1,1,0.0,0.0,0.0,0.0,0.0,0.0,0.0,0.0
0,1487,1746,13,818,0,0,0,0.0,0.0,0.0,0.0,0.0,0.0,0.0,0.0
0,180,805,5,5,0,2,2,1.0,0.0,1.0,1.0,1.0,1.0,1.0,1.0
0,1336,1596,8,273,0,0,2,1.0,0.0,0.0,0.0,0.0,0.0,0.0,0.0
0,60,110,1,41,0,2,3,1.0,1.0,1.0,1.0,1.0,1.0,1.0,1.0
0,1,23,1,19,10,1,3,1.0,1.0,1.0,1.0,1.0,1.0,1.0,1.0
0,10,619,0,400,0,0,0,0.0,1.0,1.0,1.0,0.0,1.0,1.0,1.0
0,1240,630,5,739,0,0,0,0.0,0.0,0.0,0.0,0.0,0.0,0.0,0.0
0,1253,1494,5,745,1,0,0,0.0,0.0,0.0,0.0,0.0,0.0,0.0,0.0
11,1359,735,11,9,11,0,1,1.0,0.0,0.0,0.0,0.0,0.0,0.0,0.0
0,590,236,5,236,0,1,1,1.0,1.0,1.0,1.0,1.0,1.0,1.0,1.0
3,3,183,5,73,5,0,3,0.0,1.0,1.0,1.0,1.0,1.0,1.0,1.0
0,1795,1761,5,193,15,0,0,0.0,0.0,0.0,0.0,0.0,0.0,0.0,0.0
0,546,670,15,286,0,0,3,1.0,0.0,1.0,1.0,1.0,1.0,1.0,1.0
0,1053,1582,5,981,1,0,2,0.0,0.0,0.0,0.0,0.0,0.0,0.0,0.0
0,237,196,13,894,0,0,1,0.0,1.0,0.0,0.0,0.0,0.0,0.0,1.0
0,1522,1778,0,931,0,0,0,0.0,0.0,0.0,0.0,0.0,0.0,0.0,0.0
0,787,335,0,32,0,1,2,1.0,0.0,1.0,1.0,1.0,1.0,0.0,1.0
0,296,1616,12,823,0,0,0,1.0,0.0,0.0,0.0,0.0,0.0,0.0,0.0
0,307,459,0,5,0,0,1,0.0,1.0,1.0,1.0,1.0,1.0,1.0,1.0
0,601,2167,8,1290,0,0,0,0.0,0.0,0.0,0.0,0.0,0.0,0.0,0.0
0,13,103,0,18,0,0,3,1.0,1.0,1.0,1.0,1.0,1.0,1.0,1.0
0,1111,1324,5,364,6,2,0,0.0,0.0,1.0,1.0,0.0,0.0,0.0,0.0
0,103,305,8,13,0,3,3,1.0,1.0,1.0,1.0,1.0,1.0,1.0,1.0
0,1342,799,5,45,0,0,3,0.0,0.0,1.0,1.0,0.0,0.0,0.0,0.0
0,464,577,0,238,1,0,1,0.0,1.0,1.0,1.0,0.0,1.0,1.0,1.0
0,1110,1323,3,1,0,0,0,0.0,0.0,0.0,0.0,0.0,0.0,0.0,0.0
0,1327,922,15,9,0,0,2,1.0,0.0,0.0,0.0,1.0,0.0,0.0,0.0
0,107,287,0,121,0,2,3,1.0,1.0,1.0,1.0,1.0,1.0,1.0,1.0
0,112,727,6,13,0,0,2,0.0,0.0,1.0,1.0,1.0,1.0,1.0,0.0
3,479,131,1,247,5,1,3,1.0,1.0,1.0,1.0,1.0,1.0,1.0,1.0
0,478,7,4,15,0,1,2,1.0,1.0,1.0,1.0,1.0,1.0,1.0,1.0
0,60,992,7,91,0,1,2,0.0,0.0,1.0,1.0,1.0,1.0,1.0,0.0
0,299,695,8,78,0,1,3,1.0,0.0,1.0,1.0,1.0,1.0,1.0,1.0
0,1458,1721,0,903,0,0,0,0.0,0.0,0.0,0.0,0.0,0.0,0.0,0.0
0,773,935,16,95,0,0,2,1.0,0.0,1.0,1.0,1.0,0.0,0.0,0.0
0,341,417,13,9,0,0,3,1.0,1.0,1.0,1.0,1.0,1.0,1.0,1.0
0,80,74,0,15,6,1,3,1.0,1.0,1.0,1.0,1.0,1.0,1.0,1.0
0,140,139,1,20,0,2,1,1.0,1.0,1.0,1.0,1.0,1.0,1.0,1.0
0,506,785,5,15,0,0,0,0.0,0.0,1.0,1.0,0.0,0.0,0.0,0.0
0,13,20,2,2,0,1,2,1.0,1.0,1.0,1.0,1.0,1.0,1.0,1.0
0,100,104,0,142,0,0,1,1.0,1.0,1.0,1.0,1.0,1.0,1.0,1.0
2,805,580,8,239,9,1,0,0.0,1.0,1.0,1.0,1.0,1.0,1.0,1.0
0,1526,1782,8,193,15,0,0,0.0,0.0,0.0,0.0,0.0,0.0,0.0,0.0
10,1260,1505,13,754,5,0,0,0.0,0.0,0.0,0.0,0.0,0.0,0.0,0.0
0,1144,1109,15,349,0,0,0,0.0,1.0,0.0,0.0,1.0,0.0,0.0,0.0
0,121,263,4,19,0,0,2,1.0,1.0,1.0,1.0,1.0,1.0,1.0,1.0
0,103,50,2,15,0,0,3,1.0,1.0,1.0,1.0,1.0,1.0,1.0,1.0
0,761,919,15,79,0,0,2,0.0,0.0,1.0,1.0,1.0,0.0,0.0,0.0
0,1245,47,5,15,0,0,0,1.0,0.0,0.0,0.0,0.0,0.0,0.0,0.0
0,44,775,5,13,0,0,1,0.0,1.0,1.0,1.0,1.0,1.0,1.0,1.0
0,249,224,2,117,0,1,2,1.0,1.0,1.0,1.0,1.0,1.0,1.0,1.0
0,286,1428,13,9,0,1,3,1.0,1.0,1.0,1.0,1.0,1.0,1.0,1.0
0,1472,276,8,9,0,0,2,1.0,0.0,0.0,0.0,0.0,0.0,0.0,0.0
0,159,138,0,63,0,0,2,1.0,1.0,1.0,1.0,1.0,1.0,1.0,1.0
0,484,1698,8,501,7,0,0,0.0,0.0,0.0,0.0,0.0,0.0,0.0,0.0
0,1625,1876,15,997,0,1,2,1.0,0.0,0.0,0.0,0.0,0.0,0.0,0.0
0,256,219,1,122,9,0,1,0.0,0.0,1.0,1.0,1.0,1.0,1.0,1.0
0,124,11,8,300,0,1,2,1.0,1.0,1.0,1.0,0.0,1.0,1.0,1.0
2,798,650,8,193,9,0,0,0.0,1.0,0.0,0.0,1.0,0.0,0.0,1.0
0,136,508,1,118,0,1,3,1.0,1.0,1.0,1.0,1.0,1.0,1.0,1.0
0,405,1231,15,15,0,0,2,0.0,0.0,1.0,1.0,1.0,0.0,0.0,0.0
0,459,636,8,636,0,0,2,0.0,1.0,1.0,1.0,1.0,1.0,1.0,1.0
29,1730,2001,5,1083,59,0,0,0.0,0.0,0.0,0.0,0.0,0.0,0.0,0.0
0,1886,2144,6,1186,0,0,1,0.0,0.0,0.0,0.0,0.0,0.0,0.0,0.0
0,404,507,1,18,6,0,1,1.0,1.0,1.0,1.0,1.0,1.0,1.0,1.0
0,241,37,1,15,0,0,3,0.0,0.0,1.0,1.0,1.0,1.0,1.0,1.0
0,155,368,8,294,10,0,1,1.0,1.0,1.0,1.0,1.0,1.0,1.0,1.0
0,891,1065,12,158,0,1,1,0.0,0.0,1.0,1.0,0.0,0.0,0.0,0.0
0,586,339,8,105,0,0,1,0.0,0.0,1.0,1.0,1.0,1.0,1.0,1.0
0,1586,1842,8,193,0,0,2,0.0,0.0,0.0,0.0,0.0,0.0,0.0,0.0
0,64,437,1,194,0,1,1,0.0,1.0,1.0,1.0,1.0,1.0,1.0,1.0
0,236,142,5,362,4,0,2,0.0,1.0,1.0,1.0,1.0,1.0,1.0,1.0
0,658,510,1,352,10,0,1,0.0,0.0,1.0,1.0,0.0,1.0,0.0,0.0
0,1966,2225,8,193,0,0,0,0.0,0.0,0.0,0.0,0.0,0.0,0.0,0.0
0,236,752,5,388,1,0,2,0.0,0.0,1.0,1.0,1.0,1.0,1.0,0.0
0,751,909,5,9,0,0,1,0.0,1.0,1.0,1.0,0.0,1.0,0.0,1.0
0,1642,1899,8,1008,0,0,1,0.0,0.0,0.0,0.0,0.0,0.0,0.0,0.0
0,371,855,5,45,7,0,0,0.0,1.0,1.0,1.0,0.0,1.0,0.0,1.0
0,129,147,13,19,0,1,3,1.0,1.0,1.0,1.0,1.0,1.0,1.0,1.0
0,138,634,6,179,9,0,3,0.0,1.0,1.0,1.0,1.0,1.0,1.0,1.0
0,324,35,8,351,1,1,1,1.0,1.0,1.0,1.0,1.0,1.0,1.0,1.0
0,1396,1158,12,46,0,0,0,1.0,0.0,0.0,0.0,0.0,0.0,0.0,0.0
0,1878,2136,16,193,15,0,0,0.0,0.0,0.0,0.0,0.0,0.0,0.0,0.0
0,66,2104,5,1153,0,0,3,0.0,0.0,0.0,0.0,0.0,0.0,0.0,0.0
0,108,124,5,13,0,1,2,1.0,1.0,1.0,1.0,1.0,1.0,1.0,1.0
0,322,388,0,156,0,2,3,0.0,1.0,1.0,1.0,1.0,1.0,1.0,1.0
0,544,354,1,1,6,0,1,1.0,0.0,1.0,1.0,0.0,1.0,1.0,1.0
0,512,591,0,379,9,0,1,0.0,0.0,1.0,1.0,0.0,1.0,0.0,1.0
0,103,116,8,19,0,0,3,1.0,1.0,1.0,1.0,1.0,1.0,1.0,1.0
0,387,305,8,91,7,1,2,0.0,1.0,1.0,1.0,1.0,1.0,1.0,1.0
0,8,120,1,48,1,2,3,1.0,1.0,1.0,1.0,1.0,1.0,1.0,1.0
0,625,103,14,13,10,0,3,1.0,1.0,1.0,1.0,1.0,1.0,1.0,1.0
0,448,470,5,9,0,0,2,0.0,1.0,1.0,1.0,1.0,1.0,1.0,1.0
0,493,464,0,799,0,0,3,0.0,0.0,1.0,1.0,0.0,1.0,1.0,1.0
0,846,144,4,18,0,0,3,1.0,1.0,1.0,1.0,1.0,1.0,1.0,1.0
0,187,59,8,91,0,0,1,1.0,1.0,1.0,1.0,1.0,1.0,1.0,1.0
0,1051,1127,5,9,0,0,1,1.0,0.0,0.0,0.0,0.0,0.0,0.0,0.0
0,68,162,1,15,0,0,0,1.0,1.0,1.0,1.0,1.0,1.0,1.0,1.0
0,2027,2281,5,1277,0,1,2,0.0,0.0,0.0,0.0,0.0,0.0,0.0,0.0
0,145,124,1,41,0,0,3,1.0,1.0,1.0,1.0,1.0,1.0,1.0,1.0
0,7,1452,8,149,0,0,1,0.0,0.0,0.0,0.0,1.0,0.0,0.0,0.0
0,145,218,1,41,0,0,3,1.0,1.0,1.0,1.0,1.0,1.0,1.0,1.0
0,200,809,8,72,0,0,1,1.0,1.0,1.0,1.0,1.0,1.0,1.0,1.0
4,723,883,3,395,42,0,0,1.0,0.0,0.0,0.0,0.0,0.0,0.0,0.0
0,459,961,5,95,0,0,0,1.0,0.0,0.0,0.0,0.0,0.0,0.0,0.0
0,506,566,5,158,1,0,2,0.0,1.0,1.0,1.0,1.0,1.0,1.0,1.0
0,194,50,8,15,0,1,3,1.0,1.0,1.0,1.0,1.0,1.0,1.0,1.0
0,1551,1807,5,950,0,0,1,0.0,0.0,0.0,0.0,0.0,0.0,0.0,0.0
0,309,367,13,19,0,1,3,1.0,1.0,1.0,1.0,1.0,1.0,1.0,1.0
0,194,1353,8,661,0,1,0,0.0,0.0,0.0,0.0,0.0,0.0,0.0,0.0
0,140,480,6,18,9,2,3,1.0,1.0,1.0,1.0,1.0,1.0,1.0,1.0
0,756,1304,15,383,0,0,3,1.0,0.0,1.0,1.0,0.0,1.0,0.0,0.0
0,736,896,5,13,0,1,3,1.0,1.0,1.0,1.0,1.0,1.0,1.0,1.0
0,493,613,5,15,0,0,0,0.0,0.0,1.0,1.0,0.0,0.0,0.0,0.0
0,200,979,5,188,0,0,3,0.0,0.0,1.0,1.0,1.0,1.0,1.0,0.0
0,63,17,0,33,1,1,3,1.0,1.0,1.0,1.0,1.0,1.0,1.0,1.0
10,771,930,0,656,5,0,0,1.0,0.0,0.0,0.0,0.0,0.0,0.0,0.0
0,98,583,0,63,7,0,2,0.0,1.0,1.0,1.0,1.0,1.0,1.0,1.0
0,272,609,5,75,0,0,2,0.0,1.0,1.0,1.0,1.0,1.0,1.0,1.0
0,7,231,8,3,0,0,3,1.0,1.0,1.0,1.0,1.0,1.0,1.0,1.0
0,182,196,0,76,9,1,1,0.0,1.0,1.0,1.0,1.0,1.0,1.0,1.0
0,426,949,6,563,1,0,3,1.0,0.0,1.0,1.0,0.0,1.0,0.0,0.0
0,84,361,8,63,0,1,1,0.0,1.0,1.0,1.0,1.0,1.0,1.0,1.0
0,1721,1991,1,193,15,0,0,0.0,0.0,0.0,0.0,0.0,0.0,0.0,0.0
0,419,643,5,151,0,0,2,1.0,0.0,1.0,1.0,1.0,1.0,1.0,1.0
0,259,433,8,2,0,0,0,0.0,0.0,1.0,1.0,0.0,0.0,0.0,0.0
0,208,581,1,240,0,0,1,0.0,1.0,1.0,1.0,1.0,1.0,1.0,1.0
0,159,210,0,5,0,0,0,1.0,1.0,1.0,1.0,1.0,1.0,1.0,1.0
0,469,1420,5,333,18,0,0,0.0,0.0,0.0,0.0,0.0,0.0,0.0,0.0
0,79,335,6,172,0,1,3,1.0,1.0,1.0,1.0,1.0,1.0,1.0,1.0
2,1954,1562,8,1230,9,0,0,0.0,0.0,0.0,0.0,0.0,0.0,0.0,0.0
0,1347,275,8,158,0,1,3,0.0,0.0,1.0,1.0,1.0,0.0,0.0,1.0
0,563,431,13,273,6,0,2,0.0,1.0,1.0,1.0,1.0,1.0,1.0,1.0
0,1865,218,5,661,15,0,0,0.0,0.0,0.0,0.0,0.0,0.0,0.0,0.0
0,661,491,8,200,0,0,1,1.0,1.0,1.0,1.0,1.0,1.0,1.0,1.0
0,169,179,2,13,7,0,1,1.0,1.0,1.0,1.0,1.0,1.0,1.0,1.0
0,124,176,1,15,0,0,2,1.0,1.0,1.0,1.0,1.0,1.0,1.0,1.0
0,1042,1032,5,834,0,0,2,0.0,0.0,0.0,0.0,1.0,0.0,0.0,0.0
4,1483,1742,5,193,20,0,0,0.0,0.0,0.0,0.0,0.0,0.0,0.0,0.0
0,1460,1723,15,904,10,0,1,0.0,0.0,0.0,0.0,0.0,0.0,0.0,0.0
1,700,655,2,280,8,0,2,1.0,0.0,1.0,1.0,1.0,1.0,1.0,1.0
0,244,268,0,1,0,0,0,1.0,1.0,1.0,1.0,0.0,1.0,1.0,1.0
0,154,161,6,2,0,0,2,1.0,1.0,1.0,1.0,1.0,1.0,1.0,1.0
0,1926,2184,6,1209,0,0,0,0.0,0.0,0.0,0.0,0.0,0.0,0.0,0.0
0,26,361,5,9,0,2,3,1.0,1.0,1.0,1.0,1.0,1.0,1.0,1.0
0,1516,609,8,1,6,0,0,0.0,0.0,0.0,0.0,0.0,0.0,0.0,0.0
0,826,913,13,383,0,0,3,0.0,0.0,1.0,1.0,1.0,1.0,0.0,0.0
0,926,1647,19,193,15,0,0,0.0,0.0,0.0,0.0,0.0,0.0,0.0,0.0
0,204,408,0,9,0,0,1,0.0,1.0,1.0,1.0,1.0,1.0,1.0,1.0
0,1330,1591,5,18,0,0,1,0.0,0.0,0.0,0.0,0.0,0.0,0.0,0.0
0,170,390,5,93,0,0,0,0.0,1.0,1.0,1.0,0.0,1.0,1.0,1.0
0,1901,2160,8,1193,0,0,0,0.0,0.0,0.0,0.0,0.0,0.0,0.0,0.0
0,159,230,6,90,0,0,3,1.0,1.0,1.0,1.0,1.0,1.0,1.0,1.0
0,278,417,13,9,11,1,2,1.0,1.0,1.0,1.0,1.0,1.0,1.0,1.0
0,497,57,5,193,15,0,0,0.0,1.0,0.0,0.0,0.0,0.0,0.0,1.0
0,586,231,8,31,0,0,1,1.0,1.0,1.0,1.0,1.0,1.0,1.0,1.0
0,85,441,8,407,0,0,1,1.0,1.0,1.0,1.0,1.0,1.0,1.0,1.0
0,2006,2260,5,193,0,0,0,0.0,0.0,0.0,0.0,0.0,0.0,0.0,0.0
0,7,126,0,19,7,2,2,1.0,1.0,1.0,1.0,1.0,1.0,1.0,1.0
3,150,1149,5,546,16,0,0,0.0,0.0,0.0,0.0,0.0,0.0,0.0,0.0
0,511,195,8,1,10,0,3,1.0,1.0,1.0,1.0,1.0,1.0,1.0,1.0
0,926,1647,19,193,15,0,0,0.0,0.0,0.0,0.0,0.0,0.0,0.0,0.0
0,1133,1256,15,623,1,0,3,0.0,0.0,0.0,0.0,1.0,0.0,0.0,0.0
0,25,26,4,9,0,1,3,1.0,1.0,1.0,1.0,1.0,1.0,1.0,1.0
0,676,718,5,91,0,0,1,0.0,1.0,1.0,1.0,0.0,1.0,1.0,1.0
0,84,186,8,31,0,0,3,1.0,1.0,1.0,1.0,1.0,1.0,1.0,1.0
0,55,161,0,9,0,0,3,1.0,1.0,1.0,1.0,1.0,1.0,1.0,1.0
0,300,347,0,24,0,1,3,1.0,1.0,1.0,1.0,1.0,1.0,1.0,1.0
0,317,662,14,15,0,0,0,0.0,0.0,1.0,1.0,0.0,0.0,0.0,0.0
0,317,379,15,78,28,0,3,0.0,0.0,0.0,0.0,1.0,0.0,0.0,0.0
0,1436,1700,16,193,0,0,0,0.0,0.0,0.0,0.0,0.0,0.0,0.0,0.0
0,375,408,0,9,0,0,0,0.0,1.0,1.0,1.0,0.0,1.0,1.0,1.0
0,357,159,5,63,0,0,1,1.0,0.0,1.0,1.0,1.0,1.0,1.0,1.0
0,507,1946,1,1046,6,0,0,0.0,0.0,0.0,0.0,0.0,0.0,0.0,0.0
0,566,1344,8,138,0,0,2,0.0,0.0,1.0,1.0,0.0,0.0,0.0,0.0
0,584,726,8,20,0,0,1,0.0,1.0,1.0,1.0,0.0,1.0,0.0,1.0
0,1987,2242,16,193,0,0,0,0.0,0.0,0.0,0.0,0.0,0.0,0.0,0.0
0,1961,2218,19,1238,15,0,0,0.0,0.0,0.0,0.0,0.0,0.0,0.0,0.0
0,911,1094,0,355,0,0,3,0.0,1.0,1.0,1.0,1.0,1.0,0.0,1.0
0,103,133,8,93,0,0,0,0.0,1.0,1.0,1.0,0.0,1.0,1.0,1.0
0,1014,1218,0,86,0,0,3,1.0,0.0,1.0,1.0,1.0,0.0,0.0,0.0
0,154,665,5,1,0,2,2,1.0,1.0,1.0,1.0,1.0,1.0,1.0,1.0
0,1150,1382,3,682,6,0,1,0.0,0.0,0.0,0.0,0.0,0.0,0.0,0.0
0,32,135,0,57,0,0,3,1.0,1.0,1.0,1.0,1.0,1.0,1.0,1.0
0,1346,1611,15,9,6,0,1,0.0,0.0,0.0,0.0,0.0,0.0,0.0,0.0
0,1973,2230,5,1243,0,0,0,0.0,0.0,0.0,0.0,0.0,0.0,0.0,0.0
0,293,233,8,2,0,2,3,1.0,1.0,1.0,1.0,1.0,1.0,1.0,1.0
0,1361,1626,16,827,9,0,1,0.0,0.0,0.0,0.0,0.0,0.0,0.0,0.0
0,8,1080,5,415,6,1,2,1.0,1.0,1.0,1.0,0.0,1.0,1.0,1.0
0,1118,2290,6,0,1,0,3,0.0,0.0,0.0,0.0,0.0,0.0,0.0,0.0
0,413,351,8,757,0,0,0,1.0,0.0,0.0,0.0,0.0,0.0,0.0,0.0
0,29,1223,0,340,0,0,3,1.0,1.0,1.0,1.0,1.0,1.0,1.0,1.0
0,140,153,15,47,0,0,3,1.0,1.0,1.0,1.0,1.0,1.0,1.0,1.0
0,755,913,15,151,0,0,3,0.0,0.0,1.0,1.0,1.0,1.0,0.0,0.0
0,77,69,1,45,0,2,3,1.0,1.0,1.0,1.0,1.0,1.0,1.0,1.0
0,1478,1737,14,911,6,1,3,1.0,0.0,0.0,0.0,0.0,0.0,0.0,0.0
0,370,60,1,185,0,1,3,1.0,0.0,1.0,1.0,1.0,1.0,1.0,1.0
0,64,552,12,19,0,0,2,1.0,1.0,1.0,1.0,1.0,1.0,1.0,1.0
0,155,431,8,9,0,0,1,0.0,1.0,1.0,1.0,1.0,1.0,1.0,1.0
0,167,1571,12,799,0,2,3,1.0,0.0,1.0,1.0,1.0,1.0,1.0,1.0
2,339,363,8,34,9,2,3,1.0,1.0,1.0,1.0,1.0,1.0,1.0,1.0
0,1530,866,5,936,1,0,0,0.0,0.0,0.0,0.0,0.0,0.0,0.0,0.0
0,23,3,5,5,0,1,3,1.0,1.0,1.0,1.0,1.0,1.0,1.0,1.0
0,722,1691,12,16,0,0,1,0.0,0.0,0.0,0.0,0.0,0.0,0.0,0.0
0,1697,468,0,1056,0,0,3,0.0,0.0,0.0,0.0,1.0,0.0,0.0,0.0
0,1553,1810,5,193,0,0,1,0.0,0.0,0.0,0.0,0.0,0.0,0.0,0.0
0,524,639,0,200,0,0,2,1.0,0.0,1.0,1.0,1.0,1.0,1.0,1.0
0,29,28,3,1,0,1,3,1.0,1.0,1.0,1.0,1.0,1.0,1.0,1.0
0,1971,725,6,570,6,0,3,1.0,0.0,0.0,0.0,1.0,0.0,0.0,0.0
0,16,186,5,110,6,1,0,0.0,1.0,1.0,1.0,1.0,1.0,1.0,1.0
0,2069,2322,5,1011,0,0,0,0.0,0.0,0.0,0.0,0.0,0.0,0.0,0.0
0,118,26,1,46,0,0,3,1.0,1.0,1.0,1.0,1.0,1.0,1.0,1.0
0,137,137,8,2,0,0,2,0.0,1.0,1.0,1.0,1.0,1.0,1.0,1.0
0,259,262,0,9,7,0,1,1.0,1.0,1.0,1.0,1.0,1.0,1.0,1.0
0,366,262,6,55,0,1,3,1.0,1.0,1.0,1.0,1.0,1.0,1.0,1.0
0,865,1028,0,481,0,0,1,0.0,0.0,0.0,0.0,0.0,0.0,0.0,0.0
1,73,66,0,29,8,1,2,0.0,1.0,1.0,1.0,1.0,1.0,1.0,1.0
0,240,521,5,132,0,0,1,1.0,0.0,1.0,1.0,0.0,1.0,0.0,0.0
0,108,37,5,31,6,0,2,1.0,1.0,1.0,1.0,1.0,1.0,1.0,1.0
0,1057,1264,8,527,1,1,1,0.0,0.0,0.0,0.0,0.0,0.0,0.0,0.0
0,1087,1744,8,193,0,0,0,0.0,0.0,0.0,0.0,0.0,0.0,0.0,0.0
0,985,1184,5,15,0,0,0,1.0,0.0,0.0,0.0,0.0,0.0,0.0,0.0
0,1348,1613,15,755,6,0,3,1.0,0.0,0.0,0.0,0.0,0.0,0.0,0.0
0,418,530,0,78,1,1,2,1.0,0.0,1.0,1.0,1.0,1.0,1.0,1.0
0,863,1470,0,730,0,0,0,0.0,0.0,0.0,0.0,0.0,0.0,0.0,0.0
0,499,991,8,18,0,0,1,0.0,0.0,1.0,1.0,0.0,0.0,0.0,0.0
0,286,325,11,148,0,1,3,1.0,1.0,1.0,1.0,1.0,1.0,1.0,1.0
0,1358,1853,15,979,0,0,1,0.0,0.0,0.0,0.0,0.0,0.0,0.0,0.0
0,88,426,0,176,1,1,3,1.0,1.0,1.0,1.0,1.0,1.0,1.0,1.0
0,1296,1615,0,821,0,0,0,0.0,0.0,0.0,0.0,0.0,0.0,0.0,0.0
0,890,758,5,501,0,0,1,1.0,1.0,0.0,0.0,0.0,1.0,0.0,0.0
0,394,338,8,202,6,0,3,1.0,1.0,1.0,1.0,1.0,1.0,1.0,1.0
0,1208,1444,8,144,0,1,2,1.0,0.0,0.0,0.0,0.0,0.0,0.0,0.0
0,1,11,5,63,1,0,1,1.0,1.0,1.0,1.0,1.0,1.0,1.0,1.0
0,359,26,0,9,30,1,3,1.0,1.0,1.0,1.0,1.0,1.0,1.0,1.0
0,743,703,0,18,0,0,1,0.0,1.0,1.0,1.0,0.0,1.0,1.0,1.0
0,1048,196,10,607,0,0,3,0.0,1.0,1.0,1.0,1.0,1.0,1.0,1.0
0,137,790,8,348,0,1,0,0.0,0.0,1.0,1.0,0.0,0.0,0.0,0.0
1,797,655,1,63,8,0,3,1.0,1.0,1.0,1.0,1.0,1.0,1.0,1.0
0,125,211,5,15,0,0,3,1.0,1.0,1.0,1.0,1.0,1.0,1.0,1.0
0,1862,2125,3,5,0,0,2,0.0,0.0,0.0,0.0,0.0,0.0,0.0,0.0
0,55,88,13,9,0,1,3,1.0,1.0,1.0,1.0,1.0,1.0,1.0,1.0
0,716,876,0,389,0,0,0,0.0,0.0,0.0,0.0,0.0,0.0,0.0,0.0
0,204,223,5,18,0,0,1,0.0,1.0,1.0,1.0,1.0,1.0,1.0,1.0
0,245,2060,5,1122,0,1,2,1.0,0.0,0.0,0.0,0.0,0.0,0.0,0.0
0,366,335,1,182,0,0,3,0.0,1.0,1.0,1.0,1.0,1.0,1.0,1.0
0,523,633,13,267,0,1,3,1.0,1.0,1.0,1.0,1.0,1.0,1.0,1.0
0,201,583,8,186,1,0,1,0.0,1.0,1.0,1.0,0.0,1.0,1.0,1.0
0,1382,1329,18,847,0,0,2,0.0,0.0,0.0,0.0,0.0,0.0,0.0,0.0
0,701,1444,5,720,0,0,2,0.0,0.0,0.0,0.0,0.0,0.0,0.0,0.0
0,155,47,13,46,0,1,3,1.0,1.0,1.0,1.0,1.0,1.0,1.0,1.0
0,31,84,6,2,0,0,3,1.0,1.0,1.0,1.0,1.0,1.0,1.0,1.0
0,2081,2330,15,1304,18,0,0,0.0,0.0,0.0,0.0,0.0,0.0,0.0,0.0
5,1594,1143,15,946,7,0,0,0.0,0.0,0.0,0.0,0.0,0.0,0.0,0.0
0,55,33,1,9,5,0,2,1.0,1.0,1.0,1.0,1.0,1.0,1.0,1.0
0,331,224,15,13,7,0,3,1.0,1.0,1.0,1.0,1.0,1.0,1.0,1.0
0,717,877,5,9,0,0,0,0.0,0.0,0.0,0.0,0.0,0.0,0.0,0.0
0,100,275,8,337,0,0,1,0.0,1.0,1.0,1.0,1.0,1.0,1.0,1.0
0,16,17,0,12,1,1,2,1.0,1.0,1.0,1.0,1.0,1.0,1.0,1.0
0,710,607,8,200,0,1,3,1.0,1.0,1.0,1.0,1.0,1.0,1.0,1.0
0,140,110,5,273,7,0,2,0.0,1.0,1.0,1.0,1.0,1.0,1.0,1.0
0,1606,1859,2,942,0,0,1,0.0,0.0,0.0,0.0,0.0,0.0,0.0,0.0
0,615,627,1,15,0,0,0,0.0,0.0,1.0,1.0,0.0,0.0,0.0,0.0
0,143,1095,8,32,0,0,1,1.0,0.0,1.0,1.0,0.0,0.0,0.0,0.0
0,493,314,15,95,6,1,3,1.0,1.0,1.0,1.0,1.0,1.0,1.0,1.0
0,37,821,2,861,0,1,3,1.0,0.0,1.0,1.0,1.0,1.0,1.0,1.0
0,100,332,0,52,0,0,1,1.0,1.0,1.0,1.0,1.0,1.0,1.0,1.0
0,26,26,6,9,0,1,2,1.0,1.0,1.0,1.0,1.0,1.0,1.0,1.0
0,168,178,0,14,7,0,3,1.0,1.0,1.0,1.0,1.0,1.0,1.0,1.0
0,1188,1424,1,709,0,1,1,0.0,0.0,0.0,0.0,0.0,0.0,0.0,0.0
0,937,1111,5,186,1,1,0,1.0,0.0,0.0,0.0,0.0,0.0,0.0,0.0
0,1084,1295,5,46,1,0,0,0.0,0.0,0.0,0.0,0.0,0.0,0.0,0.0
0,1521,1299,5,5,0,0,0,0.0,0.0,0.0,0.0,0.0,0.0,0.0,0.0
0,49,220,5,2,0,1,2,1.0,1.0,1.0,1.0,1.0,1.0,1.0,1.0
0,1560,1647,8,193,15,0,0,0.0,0.0,0.0,0.0,0.0,0.0,0.0,0.0
0,963,706,8,18,0,1,1,1.0,1.0,1.0,1.0,1.0,1.0,1.0,1.0
0,57,195,5,1,0,0,0,0.0,1.0,1.0,1.0,1.0,1.0,1.0,1.0
0,728,2134,6,193,15,0,3,0.0,0.0,0.0,0.0,1.0,0.0,0.0,0.0
0,1904,2163,5,193,0,0,0,0.0,0.0,0.0,0.0,0.0,0.0,0.0,0.0
0,304,352,8,135,10,0,2,0.0,1.0,1.0,1.0,1.0,1.0,1.0,1.0
0,1868,2128,15,193,15,0,0,0.0,0.0,0.0,0.0,0.0,0.0,0.0,0.0
0,1006,1208,15,41,0,1,1,0.0,0.0,1.0,1.0,0.0,0.0,0.0,0.0
0,55,205,1,9,0,1,3,1.0,1.0,1.0,1.0,1.0,1.0,1.0,1.0
0,529,644,5,211,1,0,2,1.0,0.0,1.0,1.0,1.0,1.0,1.0,1.0
0,325,392,5,20,0,0,3,0.0,1.0,1.0,1.0,1.0,1.0,1.0,1.0
2,1168,1627,5,828,9,1,0,0.0,0.0,0.0,0.0,0.0,0.0,0.0,0.0
0,1054,764,5,158,11,1,3,0.0,0.0,1.0,1.0,1.0,1.0,0.0,1.0
0,50,44,3,21,0,0,3,1.0,1.0,1.0,1.0,1.0,1.0,1.0,1.0
4,1379,1284,6,831,12,0,1,0.0,0.0,0.0,0.0,0.0,0.0,0.0,0.0
0,1299,400,5,790,5,0,2,0.0,0.0,0.0,0.0,1.0,0.0,0.0,0.0
0,107,434,5,9,0,0,3,1.0,1.0,1.0,1.0,1.0,1.0,1.0,1.0
0,637,1077,9,510,1,2,3,1.0,0.0,1.0,1.0,1.0,1.0,0.0,1.0
0,102,1685,0,875,1,1,3,0.0,0.0,0.0,0.0,0.0,0.0,0.0,0.0
0,205,207,5,5,0,0,3,1.0,1.0,1.0,1.0,1.0,1.0,1.0,1.0
0,65,12,1,31,0,1,3,1.0,1.0,1.0,1.0,1.0,1.0,1.0,1.0
1,816,655,2,280,8,0,3,1.0,1.0,1.0,1.0,1.0,1.0,1.0,1.0
0,504,784,5,14,5,0,3,1.0,0.0,1.0,1.0,1.0,1.0,1.0,1.0
0,25,26,1,9,0,1,3,1.0,1.0,1.0,1.0,1.0,1.0,1.0,1.0
0,211,378,5,360,0,0,0,0.0,1.0,1.0,1.0,0.0,1.0,1.0,1.0
0,1211,1446,5,716,1,0,2,0.0,0.0,0.0,0.0,0.0,0.0,0.0,0.0
0,348,2167,12,1196,0,0,2,1.0,0.0,0.0,0.0,0.0,0.0,0.0,0.0
0,54,186,8,9,0,0,0,0.0,1.0,1.0,1.0,1.0,1.0,1.0,1.0
0,62,881,5,186,1,0,0,0.0,1.0,1.0,1.0,0.0,1.0,0.0,0.0
0,154,272,6,2,0,1,3,1.0,1.0,1.0,1.0,1.0,1.0,1.0,1.0
0,273,615,8,31,0,1,1,0.0,1.0,1.0,1.0,1.0,1.0,1.0,1.0
0,188,393,8,2,0,1,0,1.0,0.0,1.0,1.0,1.0,1.0,1.0,1.0
0,143,462,13,135,0,1,2,1.0,1.0,1.0,1.0,1.0,1.0,1.0,1.0
0,101,408,5,126,0,0,3,0.0,1.0,1.0,1.0,1.0,1.0,1.0,1.0
0,125,529,5,126,0,0,3,0.0,1.0,1.0,1.0,1.0,1.0,1.0,1.0
0,873,47,5,631,0,1,0,1.0,0.0,0.0,0.0,1.0,0.0,0.0,1.0
0,1452,1713,5,897,0,0,0,0.0,0.0,0.0,0.0,0.0,0.0,0.0,0.0
0,29,344,8,24,0,0,1,0.0,1.0,1.0,1.0,1.0,1.0,1.0,1.0
0,938,1133,1,534,0,0,1,0.0,0.0,0.0,0.0,0.0,0.0,0.0,0.0
0,28,382,1,223,32,0,1,1.0,1.0,0.0,0.0,0.0,1.0,1.0,1.0
0,72,31,5,3,0,0,1,0.0,1.0,1.0,1.0,1.0,1.0,1.0,1.0
0,1709,1247,5,1066,0,0,1,0.0,0.0,0.0,0.0,0.0,0.0,0.0,0.0
0,150,359,6,31,0,0,3,1.0,1.0,1.0,1.0,1.0,1.0,1.0,1.0
0,292,334,13,136,3,1,1,1.0,1.0,1.0,1.0,1.0,1.0,1.0,1.0
0,506,320,0,2,0,1,1,0.0,1.0,1.0,1.0,0.0,1.0,1.0,1.0
0,1302,1372,5,602,6,0,0,0.0,0.0,0.0,0.0,0.0,0.0,0.0,0.0
0,2053,2306,6,193,0,0,0,0.0,0.0,0.0,0.0,0.0,0.0,0.0,0.0
0,1581,1834,8,158,0,0,2,1.0,0.0,0.0,0.0,0.0,0.0,0.0,0.0
0,26,1182,0,52,0,0,1,0.0,0.0,1.0,1.0,1.0,0.0,1.0,0.0
0,1201,1064,5,400,0,0,0,0.0,0.0,0.0,0.0,1.0,0.0,0.0,0.0
0,1068,866,8,618,0,0,2,0.0,0.0,0.0,0.0,0.0,0.0,0.0,0.0
0,365,850,8,378,7,0,0,0.0,0.0,0.0,0.0,0.0,0.0,0.0,0.0
0,331,400,8,159,0,0,3,1.0,0.0,1.0,1.0,1.0,1.0,1.0,1.0
0,2079,1006,5,193,1,0,0,0.0,0.0,0.0,0.0,0.0,0.0,0.0,0.0
0,812,910,15,46,6,1,3,1.0,0.0,1.0,1.0,1.0,1.0,1.0,0.0
0,31,42,1,31,0,0,1,1.0,1.0,1.0,1.0,1.0,1.0,1.0,1.0
0,358,977,5,215,0,0,0,1.0,0.0,0.0,0.0,0.0,0.0,0.0,0.0
0,926,1647,12,193,15,0,0,0.0,0.0,0.0,0.0,0.0,0.0,0.0,0.0
0,1031,1233,8,53,0,0,0,0.0,1.0,0.0,0.0,0.0,0.0,0.0,0.0
0,809,2053,5,1116,0,0,1,0.0,0.0,0.0,0.0,0.0,0.0,0.0,0.0
0,272,37,5,31,0,0,3,0.0,1.0,1.0,1.0,1.0,1.0,1.0,1.0
0,1577,1830,16,193,9,0,0,0.0,0.0,0.0,0.0,0.0,0.0,0.0,0.0
0,1869,1555,11,78,0,2,3,1.0,0.0,1.0,1.0,1.0,1.0,0.0,0.0
0,1607,1860,3,1,0,0,3,1.0,0.0,0.0,0.0,0.0,0.0,0.0,0.0
0,1251,1492,5,193,15,0,0,0.0,0.0,0.0,0.0,0.0,0.0,0.0,0.0
0,25,184,3,2,0,0,2,1.0,1.0,1.0,1.0,1.0,1.0,1.0,1.0
0,155,519,5,15,1,2,3,1.0,1.0,1.0,1.0,1.0,1.0,1.0,1.0
0,310,400,8,18,0,0,0,0.0,1.0,1.0,1.0,0.0,1.0,1.0,1.0
0,61,324,5,38,9,0,3,0.0,1.0,1.0,1.0,1.0,1.0,1.0,1.0
0,98,97,1,7,1,0,0,1.0,1.0,1.0,1.0,1.0,1.0,1.0,1.0
0,465,1461,0,723,0,0,0,0.0,0.0,0.0,0.0,0.0,0.0,0.0,0.0
0,600,748,13,316,1,0,0,0.0,0.0,0.0,0.0,0.0,0.0,0.0,0.0
0,465,1049,6,361,0,0,1,0.0,0.0,1.0,1.0,0.0,0.0,0.0,0.0
0,61,787,5,38,9,0,1,0.0,1.0,1.0,1.0,0.0,1.0,1.0,1.0
0,796,439,13,338,6,0,2,1.0,1.0,1.0,1.0,1.0,1.0,1.0,1.0
0,763,196,0,410,0,0,2,1.0,1.0,1.0,1.0,1.0,1.0,1.0,1.0
0,1050,1257,5,193,0,0,1,0.0,0.0,0.0,0.0,0.0,0.0,0.0,0.0
0,1657,1918,15,1022,0,0,0,0.0,0.0,0.0,0.0,0.0,0.0,0.0,0.0
0,5,5,0,2,0,3,3,1.0,1.0,1.0,1.0,1.0,1.0,1.0,1.0
0,218,474,13,177,0,3,3,0.0,0.0,1.0,1.0,1.0,1.0,1.0,1.0
0,769,928,6,71,9,0,2,1.0,0.0,1.0,1.0,1.0,0.0,0.0,0.0
0,154,247,5,9,0,1,3,1.0,1.0,1.0,1.0,1.0,1.0,1.0,1.0
0,332,243,2,44,0,0,1,1.0,1.0,1.0,1.0,1.0,1.0,1.0,1.0
0,1422,1690,15,883,0,0,0,0.0,0.0,0.0,0.0,0.0,0.0,0.0,0.0
0,814,97,5,442,34,0,3,0.0,1.0,0.0,0.0,1.0,0.0,0.0,0.0
0,657,808,0,9,0,0,3,0.0,1.0,1.0,1.0,1.0,1.0,1.0,1.0
0,262,362,0,90,27,1,3,1.0,1.0,1.0,1.0,1.0,1.0,1.0,1.0
0,130,716,0,15,0,0,1,1.0,0.0,1.0,1.0,1.0,1.0,1.0,1.0
0,68,558,8,46,0,1,1,0.0,1.0,1.0,1.0,1.0,1.0,1.0,1.0
0,1009,1213,3,20,18,0,2,1.0,0.0,0.0,0.0,1.0,0.0,0.0,0.0
0,88,128,0,130,0,0,3,1.0,1.0,1.0,1.0,1.0,1.0,1.0,1.0
7,599,747,2,257,26,0,0,0.0,0.0,0.0,0.0,0.0,0.0,0.0,0.0
0,416,1554,5,791,0,0,0,0.0,0.0,0.0,0.0,0.0,0.0,0.0,0.0
0,20,19,1,14,0,3,3,1.0,1.0,1.0,1.0,1.0,1.0,1.0,1.0
0,783,370,8,273,45,0,0,0.0,1.0,0.0,0.0,1.0,1.0,0.0,0.0
0,661,811,8,354,0,0,3,1.0,0.0,1.0,1.0,1.0,1.0,0.0,0.0
0,1531,1785,7,9,0,1,1,1.0,0.0,0.0,0.0,0.0,0.0,0.0,0.0
0,976,1173,5,273,0,0,2,0.0,0.0,0.0,0.0,1.0,0.0,0.0,0.0
0,116,285,8,264,0,1,2,1.0,1.0,1.0,1.0,1.0,1.0,1.0,1.0
0,355,563,5,2,1,1,2,1.0,1.0,1.0,1.0,1.0,1.0,1.0,1.0
0,1328,1589,15,15,8,0,3,1.0,0.0,0.0,0.0,1.0,0.0,0.0,0.0
0,107,83,1,82,10,0,1,1.0,1.0,1.0,1.0,1.0,1.0,1.0,1.0
0,71,1688,15,45,28,1,3,1.0,0.0,0.0,0.0,1.0,0.0,0.0,0.0
0,873,1038,0,5,0,0,1,0.0,1.0,1.0,1.0,0.0,1.0,0.0,0.0
0,3,317,1,51,18,0,3,1.0,1.0,1.0,1.0,1.0,1.0,1.0,1.0
0,119,335,0,200,0,1,1,1.0,1.0,1.0,1.0,1.0,1.0,1.0,1.0
0,159,513,0,52,0,0,2,1.0,1.0,1.0,1.0,1.0,1.0,1.0,1.0
0,1635,1546,12,1004,0,1,1,1.0,0.0,0.0,0.0,0.0,0.0,0.0,0.0
0,270,142,6,87,10,1,3,1.0,1.0,1.0,1.0,1.0,1.0,1.0,1.0
0,630,752,5,78,1,1,1,1.0,1.0,1.0,1.0,1.0,1.0,1.0,1.0
0,1702,1967,8,1060,0,0,1,1.0,0.0,0.0,0.0,0.0,0.0,0.0,0.0
0,127,296,4,9,0,0,2,1.0,1.0,1.0,1.0,1.0,1.0,1.0,1.0
0,1841,1860,3,404,0,0,3,1.0,0.0,0.0,0.0,1.0,0.0,0.0,0.0
0,1694,1961,8,1055,0,0,3,0.0,0.0,0.0,0.0,0.0,0.0,0.0,0.0
0,1177,793,0,9,6,0,1,0.0,1.0,0.0,0.0,0.0,1.0,0.0,0.0
0,112,111,4,15,0,2,2,1.0,1.0,1.0,1.0,1.0,1.0,1.0,1.0
0,1564,1821,6,963,0,0,0,0.0,0.0,0.0,0.0,0.0,0.0,0.0,0.0
0,10,10,1,6,0,0,2,1.0,1.0,1.0,1.0,1.0,1.0,1.0,1.0
0,71,127,0,52,0,0,2,1.0,1.0,1.0,1.0,1.0,1.0,1.0,1.0
0,39,37,1,20,0,1,1,1.0,1.0,1.0,1.0,1.0,1.0,1.0,1.0
0,108,1143,13,179,9,1,3,0.0,0.0,1.0,1.0,1.0,1.0,1.0,1.0
0,121,746,12,239,14,1,3,0.0,1.0,1.0,1.0,1.0,1.0,1.0,1.0
0,714,466,8,53,0,0,1,1.0,1.0,1.0,1.0,1.0,1.0,1.0,1.0
0,727,1299,5,193,0,0,0,0.0,0.0,0.0,0.0,0.0,0.0,0.0,0.0
5,1853,2118,5,1169,7,0,0,0.0,0.0,0.0,0.0,0.0,0.0,0.0,0.0
0,284,201,0,140,0,0,1,1.0,1.0,1.0,1.0,1.0,1.0,1.0,1.0
0,82,240,0,111,0,0,1,0.0,1.0,1.0,1.0,1.0,1.0,1.0,1.0
0,147,1365,8,669,7,0,2,0.0,0.0,0.0,0.0,1.0,0.0,0.0,0.0
0,460,368,8,194,0,2,1,1.0,1.0,1.0,1.0,1.0,1.0,1.0,1.0
0,132,821,6,230,0,0,1,1.0,0.0,1.0,1.0,1.0,1.0,1.0,1.0
0,1930,1875,15,995,0,0,2,0.0,0.0,0.0,0.0,0.0,0.0,0.0,0.0
0,56,5,5,15,0,0,0,0.0,1.0,1.0,1.0,1.0,1.0,1.0,1.0
0,371,2,5,31,0,1,3,1.0,1.0,1.0,1.0,1.0,1.0,1.0,1.0
0,768,231,8,200,0,1,2,0.0,1.0,1.0,1.0,1.0,1.0,1.0,1.0
0,643,1667,1,5,0,0,1,0.0,0.0,0.0,0.0,0.0,0.0,0.0,0.0
0,1077,1298,5,208,6,1,3,1.0,0.0,1.0,1.0,1.0,1.0,0.0,1.0
0,205,502,2,206,0,0,2,1.0,1.0,1.0,1.0,1.0,1.0,1.0,1.0
0,1306,1568,8,193,1,0,0,0.0,0.0,0.0,0.0,0.0,0.0,0.0,0.0
0,71,243,8,12,0,3,3,0.0,1.0,1.0,1.0,1.0,1.0,1.0,1.0
0,435,549,0,13,0,0,1,1.0,1.0,1.0,1.0,1.0,1.0,1.0,1.0
0,240,1482,1,78,1,1,1,1.0,1.0,1.0,1.0,0.0,1.0,1.0,1.0
0,1592,1848,16,193,15,0,0,0.0,0.0,0.0,0.0,0.0,0.0,0.0,0.0
0,1163,1169,5,691,0,0,0,0.0,0.0,0.0,0.0,0.0,0.0,0.0,0.0
0,94,541,17,41,0,3,2,1.0,1.0,1.0,1.0,1.0,1.0,1.0,1.0
0,1978,2234,6,1248,1,0,2,1.0,0.0,0.0,0.0,0.0,0.0,0.0,0.0
0,149,81,4,41,0,0,3,1.0,1.0,1.0,1.0,1.0,1.0,1.0,1.0
0,1215,1453,12,55,6,0,3,0.0,0.0,0.0,0.0,1.0,0.0,0.0,0.0
0,214,361,5,95,0,2,3,1.0,0.0,1.0,1.0,1.0,1.0,1.0,1.0
0,1386,607,8,852,0,0,1,0.0,0.0,0.0,0.0,0.0,0.0,0.0,0.0
0,400,700,2,126,0,1,2,1.0,0.0,1.0,1.0,1.0,1.0,1.0,0.0
2,1315,1573,5,220,28,0,2,1.0,0.0,0.0,0.0,0.0,0.0,0.0,0.0
0,243,196,15,111,0,1,1,1.0,1.0,1.0,1.0,1.0,1.0,1.0,1.0
0,88,1158,12,9,0,0,2,1.0,1.0,1.0,1.0,1.0,1.0,1.0,1.0
0,735,895,5,38,0,3,3,1.0,1.0,1.0,1.0,1.0,1.0,1.0,1.0
0,504,466,8,273,1,3,3,1.0,1.0,1.0,1.0,1.0,1.0,1.0,1.0
0,783,321,8,15,0,0,0,0.0,0.0,1.0,1.0,0.0,0.0,0.0,0.0
0,335,414,0,158,0,1,2,0.0,0.0,1.0,1.0,1.0,1.0,1.0,1.0
0,148,152,3,1,0,0,3,1.0,1.0,1.0,1.0,1.0,1.0,1.0,1.0
0,154,458,6,64,0,0,3,1.0,1.0,1.0,1.0,1.0,1.0,1.0,1.0
0,387,544,1,15,1,1,1,0.0,1.0,1.0,1.0,1.0,1.0,1.0,1.0
5,1377,1644,12,842,1,0,0,0.0,0.0,0.0,0.0,0.0,0.0,0.0,0.0
0,436,1072,0,193,0,0,0,0.0,0.0,0.0,0.0,0.0,0.0,0.0,0.0
0,137,541,0,13,0,3,2,1.0,1.0,1.0,1.0,1.0,1.0,1.0,1.0
0,1434,924,0,15,0,0,1,0.0,0.0,0.0,0.0,0.0,0.0,0.0,0.0
0,2,470,5,187,6,0,3,1.0,1.0,1.0,1.0,1.0,1.0,1.0,1.0
0,912,1096,14,517,0,0,1,0.0,0.0,0.0,0.0,0.0,0.0,0.0,0.0
0,217,1600,5,813,0,0,0,0.0,0.0,0.0,0.0,0.0,0.0,0.0,0.0
0,218,216,5,46,0,0,0,1.0,1.0,1.0,1.0,1.0,1.0,1.0,1.0
0,1352,1619,2,824,8,0,0,0.0,0.0,0.0,0.0,0.0,0.0,0.0,0.0
0,1580,1833,15,970,0,0,2,0.0,0.0,0.0,0.0,0.0,0.0,0.0,0.0
0,274,306,3,129,13,0,2,0.0,1.0,1.0,1.0,1.0,1.0,1.0,1.0
0,54,50,2,2,0,0,2,1.0,1.0,1.0,1.0,1.0,1.0,1.0,1.0
0,1223,1469,8,194,6,0,0,0.0,0.0,0.0,0.0,0.0,0.0,0.0,0.0
0,767,1412,4,9,0,1,1,1.0,1.0,1.0,1.0,0.0,1.0,0.0,0.0
0,55,10,5,78,7,1,2,1.0,1.0,1.0,1.0,0.0,1.0,1.0,1.0
0,1646,1903,1,1010,0,0,0,0.0,0.0,0.0,0.0,0.0,0.0,0.0,0.0
0,556,682,8,13,0,1,3,1.0,1.0,1.0,1.0,1.0,1.0,1.0,1.0
4,1400,1669,5,859,42,0,0,0.0,0.0,0.0,0.0,0.0,0.0,0.0,0.0
0,895,1071,8,5,0,0,0,0.0,0.0,0.0,0.0,0.0,0.0,0.0,0.0
0,27,1608,5,816,9,0,3,1.0,0.0,0.0,0.0,0.0,0.0,0.0,0.0
0,20,89,0,4,0,2,3,1.0,1.0,1.0,1.0,1.0,1.0,1.0,1.0
0,281,318,0,0,1,0,1,0.0,1.0,1.0,1.0,1.0,1.0,1.0,1.0
0,926,1647,19,193,15,0,0,0.0,0.0,0.0,0.0,0.0,0.0,0.0,0.0
0,829,229,15,193,11,0,1,0.0,1.0,1.0,1.0,0.0,1.0,0.0,1.0
0,1474,1735,15,741,0,0,2,0.0,0.0,0.0,0.0,0.0,0.0,0.0,0.0
0,926,1647,19,193,15,0,0,0.0,0.0,0.0,0.0,0.0,0.0,0.0,0.0
0,318,381,0,152,0,0,1,1.0,1.0,1.0,1.0,1.0,1.0,1.0,1.0
0,543,667,0,285,7,2,3,1.0,0.0,1.0,1.0,1.0,1.0,1.0,1.0
0,406,53,1,110,6,0,3,0.0,1.0,1.0,1.0,1.0,1.0,1.0,1.0
0,109,709,0,2,0,0,1,0.0,0.0,1.0,1.0,1.0,1.0,1.0,1.0
0,84,198,8,9,7,3,3,1.0,1.0,1.0,1.0,1.0,1.0,1.0,1.0
0,1332,806,1,404,0,0,1,0.0,0.0,0.0,0.0,0.0,0.0,0.0,0.0
3,379,584,0,242,5,0,2,0.0,1.0,1.0,1.0,1.0,1.0,1.0,1.0
0,327,418,8,5,1,0,1,1.0,1.0,1.0,1.0,1.0,1.0,1.0,1.0
0,627,196,14,336,22,0,3,1.0,1.0,0.0,0.0,1.0,1.0,1.0,1.0
0,449,123,5,2,0,0,2,0.0,1.0,1.0,1.0,1.0,1.0,1.0,1.0
0,31,84,8,53,0,0,2,1.0,1.0,1.0,1.0,1.0,1.0,1.0,1.0
0,522,792,8,349,0,0,0,0.0,0.0,0.0,0.0,0.0,0.0,0.0,0.0
0,471,289,5,135,0,1,3,1.0,1.0,1.0,1.0,1.0,1.0,1.0,1.0
0,1363,1628,8,829,0,0,0,0.0,0.0,0.0,0.0,0.0,0.0,0.0,0.0
0,1492,1754,13,193,1,0,1,0.0,0.0,0.0,0.0,0.0,0.0,0.0,0.0
2,969,1167,5,34,9,0,2,1.0,0.0,0.0,0.0,1.0,0.0,0.0,0.0
0,696,853,1,15,0,0,1,0.0,0.0,1.0,1.0,0.0,0.0,0.0,0.0
0,115,147,5,112,0,0,3,1.0,1.0,1.0,1.0,1.0,1.0,1.0,1.0
0,536,650,10,220,9,1,1,0.0,0.0,1.0,1.0,1.0,1.0,0.0,1.0
0,834,991,5,2,0,0,0,0.0,0.0,0.0,0.0,0.0,0.0,0.0,0.0
0,1309,1181,0,798,0,1,2,0.0,0.0,0.0,0.0,1.0,0.0,0.0,0.0
0,301,424,8,130,7,0,0,0.0,1.0,1.0,1.0,0.0,1.0,0.0,1.0
2,452,1443,8,220,9,0,0,0.0,0.0,0.0,0.0,0.0,0.0,0.0,0.0
0,258,292,3,9,0,2,3,1.0,1.0,1.0,1.0,1.0,1.0,1.0,1.0
4,1538,1792,0,193,15,0,0,0.0,0.0,0.0,0.0,0.0,0.0,0.0,0.0
0,289,276,2,9,0,0,3,1.0,0.0,1.0,1.0,1.0,1.0,1.0,1.0
0,125,252,8,52,0,1,1,1.0,1.0,1.0,1.0,1.0,1.0,1.0,1.0
0,103,198,8,46,0,0,1,1.0,1.0,1.0,1.0,1.0,1.0,1.0,1.0
0,603,942,8,19,10,0,2,0.0,0.0,1.0,1.0,1.0,1.0,0.0,0.0
4,1818,2082,13,1137,20,0,0,0.0,0.0,0.0,0.0,0.0,0.0,0.0,0.0
4,1745,2011,8,1088,20,0,0,0.0,0.0,0.0,0.0,0.0,0.0,0.0,0.0
0,1444,2220,15,193,0,0,0,0.0,0.0,0.0,0.0,0.0,0.0,0.0,0.0
0,888,1061,8,13,0,0,1,0.0,0.0,0.0,0.0,0.0,0.0,0.0,0.0
0,855,803,15,200,0,0,1,0.0,0.0,0.0,0.0,0.0,0.0,0.0,0.0
0,681,1648,17,844,0,0,1,0.0,0.0,0.0,0.0,0.0,0.0,0.0,0.0
0,839,126,0,179,1,0,3,1.0,0.0,1.0,1.0,0.0,0.0,0.0,1.0
0,61,779,5,158,9,0,1,1.0,0.0,1.0,1.0,0.0,0.0,1.0,0.0
0,170,180,0,19,10,0,1,0.0,1.0,1.0,1.0,1.0,1.0,1.0,1.0
0,31,37,6,31,13,2,3,1.0,1.0,1.0,1.0,1.0,1.0,1.0,1.0
0,2037,2291,13,1282,0,0,0,0.0,0.0,0.0,0.0,0.0,0.0,0.0,0.0
0,33,423,5,273,0,0,2,1.0,1.0,1.0,1.0,1.0,1.0,1.0,1.0
0,440,554,8,2,1,0,2,1.0,1.0,1.0,1.0,1.0,1.0,1.0,1.0
0,311,173,15,9,7,1,3,0.0,1.0,1.0,1.0,1.0,1.0,1.0,1.0
0,384,1532,8,138,0,0,0,0.0,0.0,0.0,0.0,0.0,0.0,0.0,0.0
0,167,690,8,41,0,1,3,1.0,1.0,1.0,1.0,1.0,1.0,1.0,1.0
0,127,592,4,9,0,0,1,1.0,1.0,1.0,1.0,1.0,1.0,1.0,1.0
0,30,793,0,15,9,1,2,1.0,1.0,1.0,1.0,1.0,1.0,1.0,1.0
0,207,226,0,9,0,2,3,1.0,1.0,1.0,1.0,1.0,1.0,1.0,1.0
0,115,245,11,31,0,0,2,1.0,1.0,1.0,1.0,1.0,1.0,1.0,1.0
0,1421,1687,0,9,0,1,0,0.0,0.0,0.0,0.0,0.0,0.0,0.0,0.0
0,1943,2197,5,1220,6,0,0,0.0,0.0,0.0,0.0,0.0,0.0,0.0,0.0
0,1414,1647,5,878,13,0,0,0.0,0.0,0.0,0.0,0.0,0.0,0.0,0.0
0,347,893,16,9,0,1,1,1.0,1.0,1.0,1.0,1.0,1.0,1.0,1.0
0,1540,1795,5,186,1,1,2,0.0,0.0,0.0,0.0,0.0,0.0,0.0,0.0
0,432,925,5,518,0,0,1,0.0,0.0,0.0,0.0,0.0,0.0,0.0,0.0
0,1184,1418,1,193,15,0,0,0.0,0.0,0.0,0.0,0.0,0.0,0.0,0.0
0,71,730,0,125,0,0,1,1.0,0.0,1.0,1.0,0.0,0.0,1.0,0.0
0,932,65,8,405,0,1,2,0.0,0.0,1.0,1.0,1.0,1.0,1.0,1.0
0,1821,2084,5,1139,0,0,0,0.0,0.0,0.0,0.0,0.0,0.0,0.0,0.0
0,653,803,1,151,0,0,3,0.0,0.0,1.0,1.0,1.0,1.0,1.0,1.0
0,111,83,3,19,10,1,2,1.0,1.0,1.0,1.0,1.0,1.0,1.0,1.0
0,262,476,6,322,0,0,2,0.0,0.0,1.0,1.0,1.0,1.0,1.0,1.0
0,240,26,0,110,0,1,2,1.0,1.0,1.0,1.0,1.0,1.0,1.0,1.0
0,351,483,8,145,6,0,0,0.0,1.0,1.0,1.0,0.0,1.0,0.0,1.0
0,1349,1531,5,822,0,0,0,0.0,0.0,0.0,0.0,0.0,0.0,0.0,0.0
0,155,47,5,78,0,1,3,1.0,1.0,1.0,1.0,1.0,1.0,1.0,1.0
0,581,929,3,1,0,0,1,0.0,0.0,1.0,1.0,1.0,1.0,0.0,0.0
0,332,165,0,63,0,1,3,1.0,0.0,1.0,1.0,1.0,1.0,1.0,1.0
0,109,656,13,135,0,0,3,1.0,0.0,1.0,1.0,1.0,1.0,1.0,1.0
0,865,1550,10,46,0,0,1,0.0,0.0,0.0,0.0,0.0,0.0,0.0,0.0
0,101,719,9,41,0,1,3,1.0,0.0,1.0,1.0,1.0,1.0,1.0,1.0
0,416,1824,5,1168,0,0,1,0.0,0.0,0.0,0.0,0.0,0.0,0.0,0.0
0,561,1280,5,112,0,3,2,1.0,0.0,1.0,1.0,1.0,0.0,0.0,0.0
0,278,375,5,437,0,0,0,0.0,1.0,1.0,1.0,0.0,1.0,1.0,1.0
0,197,720,4,151,0,0,3,1.0,1.0,1.0,1.0,1.0,1.0,1.0,1.0
0,53,244,0,13,0,0,1,1.0,1.0,1.0,1.0,1.0,1.0,1.0,1.0
0,205,269,5,2,0,0,3,1.0,1.0,1.0,1.0,1.0,1.0,1.0,1.0
0,516,724,5,877,4,0,1,0.0,1.0,0.0,0.0,0.0,1.0,0.0,1.0
0,471,218,8,193,0,0,2,0.0,1.0,1.0,1.0,1.0,1.0,1.0,1.0
0,451,417,5,9,0,2,3,1.0,1.0,1.0,1.0,1.0,1.0,1.0,1.0
0,84,407,8,0,0,0,1,1.0,1.0,1.0,1.0,1.0,1.0,1.0,1.0
0,244,358,1,146,1,0,3,1.0,1.0,1.0,1.0,1.0,1.0,1.0,1.0
0,759,917,8,31,0,0,3,1.0,1.0,1.0,1.0,1.0,1.0,1.0,1.0
0,518,130,5,46,0,0,2,1.0,1.0,1.0,1.0,1.0,1.0,1.0,1.0
0,53,282,1,18,0,3,2,0.0,1.0,1.0,1.0,1.0,1.0,1.0,1.0
0,2070,2320,5,193,0,0,0,0.0,0.0,0.0,0.0,0.0,0.0,0.0,0.0
0,286,325,0,19,0,0,2,1.0,1.0,1.0,1.0,1.0,1.0,1.0,1.0
0,1121,1338,15,650,0,1,3,1.0,0.0,0.0,0.0,1.0,0.0,0.0,0.0
0,434,255,8,15,0,0,3,1.0,1.0,1.0,1.0,1.0,1.0,1.0,1.0
0,1096,2219,0,741,0,0,1,0.0,0.0,0.0,0.0,0.0,0.0,0.0,0.0
0,308,596,13,114,0,0,3,1.0,0.0,1.0,1.0,1.0,1.0,1.0,1.0
0,265,77,5,18,0,0,0,1.0,1.0,1.0,1.0,0.0,1.0,1.0,1.0
0,858,1020,15,45,10,1,1,1.0,1.0,1.0,1.0,1.0,1.0,0.0,1.0
2,1503,1764,5,925,9,0,1,1.0,0.0,0.0,0.0,0.0,0.0,0.0,0.0
0,155,656,5,91,0,0,1,1.0,0.0,1.0,1.0,1.0,1.0,1.0,1.0
0,224,939,0,328,9,0,2,1.0,0.0,1.0,1.0,0.0,0.0,0.0,0.0
0,1453,1715,5,898,0,0,2,0.0,0.0,0.0,0.0,0.0,0.0,0.0,0.0
0,268,154,2,126,0,0,2,1.0,1.0,1.0,1.0,1.0,1.0,1.0,1.0
0,170,50,2,12,0,0,1,1.0,1.0,1.0,1.0,1.0,1.0,1.0,1.0
2,1562,629,15,962,9,0,1,0.0,0.0,0.0,0.0,0.0,0.0,0.0,0.0
0,1065,5,15,696,0,0,2,1.0,1.0,0.0,0.0,1.0,1.0,0.0,1.0
0,221,830,8,496,0,0,1,0.0,0.0,1.0,1.0,0.0,0.0,0.0,0.0
4,762,847,7,53,0,0,1,0.0,0.0,0.0,0.0,0.0,0.0,0.0,0.0
0,439,976,8,12,0,1,3,0.0,1.0,1.0,1.0,1.0,1.0,1.0,1.0
0,1095,1310,15,41,7,0,3,1.0,0.0,0.0,0.0,1.0,0.0,0.0,0.0
0,1537,1790,0,941,0,0,0,0.0,0.0,0.0,0.0,0.0,0.0,0.0,0.0
0,1624,1875,8,995,0,0,1,0.0,0.0,0.0,0.0,0.0,0.0,0.0,0.0
0,280,849,12,158,0,0,0,0.0,1.0,0.0,0.0,0.0,0.0,0.0,0.0
0,98,501,0,13,7,0,3,0.0,1.0,1.0,1.0,1.0,1.0,1.0,1.0
0,37,35,1,1,0,0,3,1.0,1.0,1.0,1.0,1.0,1.0,1.0,1.0
0,71,64,0,2,7,0,3,1.0,1.0,1.0,1.0,1.0,1.0,1.0,1.0
0,1879,2139,5,193,15,0,0,0.0,0.0,0.0,0.0,0.0,0.0,0.0,0.0
0,278,417,5,9,0,3,3,1.0,1.0,1.0,1.0,1.0,1.0,1.0,1.0
0,46,897,8,403,0,1,0,1.0,1.0,1.0,1.0,1.0,1.0,1.0,1.0
0,1279,617,13,78,0,1,3,1.0,0.0,1.0,1.0,1.0,1.0,1.0,1.0
0,1,1,3,9,0,0,1,1.0,1.0,1.0,1.0,1.0,1.0,1.0,1.0
0,27,377,0,0,1,0,3,1.0,1.0,1.0,1.0,1.0,1.0,1.0,1.0
0,150,1357,8,110,0,0,0,0.0,0.0,0.0,0.0,0.0,0.0,0.0,0.0
0,119,335,6,2,0,0,2,1.0,1.0,1.0,1.0,1.0,1.0,1.0,1.0
0,87,727,0,357,0,1,3,1.0,1.0,1.0,1.0,1.0,1.0,1.0,1.0
0,2085,2334,5,1308,0,0,0,0.0,0.0,0.0,0.0,0.0,0.0,0.0,0.0
0,82,1098,12,577,0,0,0,0.0,1.0,0.0,0.0,0.0,1.0,0.0,0.0
2,1318,1577,5,193,22,0,0,0.0,0.0,0.0,0.0,0.0,0.0,0.0,0.0
19,2051,2304,5,78,32,0,0,0.0,0.0,0.0,0.0,0.0,0.0,0.0,0.0
0,140,777,13,112,0,1,3,1.0,0.0,1.0,1.0,1.0,1.0,1.0,1.0
0,216,63,3,1,0,0,3,1.0,1.0,1.0,1.0,1.0,1.0,1.0,1.0
0,1825,2090,15,1026,0,0,0,0.0,0.0,0.0,0.0,0.0,0.0,0.0,0.0
0,873,924,14,15,0,0,1,0.0,0.0,0.0,0.0,0.0,0.0,0.0,0.0
0,463,575,15,237,7,0,3,0.0,1.0,1.0,1.0,1.0,1.0,1.0,1.0
0,387,679,8,13,0,1,2,1.0,0.0,1.0,1.0,1.0,1.0,1.0,1.0
0,570,381,0,342,6,0,3,0.0,1.0,1.0,1.0,1.0,1.0,1.0,1.0
0,1781,2044,5,18,0,0,3,0.0,0.0,0.0,0.0,0.0,0.0,0.0,0.0
0,240,128,1,110,0,0,2,0.0,1.0,1.0,1.0,1.0,1.0,1.0,1.0
0,0,111,1,51,0,1,3,1.0,1.0,1.0,1.0,1.0,1.0,1.0,1.0
0,776,551,0,151,0,0,1,1.0,1.0,1.0,1.0,0.0,1.0,1.0,1.0
0,100,232,8,36,0,0,1,1.0,1.0,1.0,1.0,1.0,1.0,1.0,1.0
0,1419,229,15,881,6,0,1,0.0,0.0,0.0,0.0,1.0,0.0,0.0,0.0
0,342,1830,16,1215,0,0,0,0.0,0.0,0.0,0.0,0.0,0.0,0.0,0.0
0,205,348,5,2,0,0,1,1.0,1.0,1.0,1.0,1.0,1.0,1.0,1.0
0,923,1110,13,87,0,1,3,0.0,0.0,1.0,1.0,1.0,1.0,1.0,1.0
0,357,529,5,126,0,1,2,1.0,0.0,1.0,1.0,1.0,1.0,1.0,1.0
0,1544,1800,10,193,15,0,0,0.0,0.0,0.0,0.0,0.0,0.0,0.0,0.0
0,111,2202,15,1224,9,1,1,1.0,0.0,0.0,0.0,0.0,0.0,0.0,0.0
0,773,935,16,399,0,0,2,0.0,0.0,1.0,1.0,0.0,1.0,0.0,0.0
0,1819,1647,7,193,63,0,0,0.0,0.0,0.0,0.0,0.0,0.0,0.0,0.0
2,1199,1840,15,973,6,0,1,0.0,0.0,0.0,0.0,0.0,0.0,0.0,0.0
0,1145,2023,15,1096,0,0,2,0.0,0.0,0.0,0.0,0.0,0.0,0.0,0.0
0,55,161,1,9,0,0,3,1.0,1.0,1.0,1.0,1.0,1.0,1.0,1.0
0,7,22,0,4,5,3,2,1.0,1.0,1.0,1.0,1.0,1.0,1.0,1.0
0,54,267,3,15,0,1,2,1.0,1.0,1.0,1.0,1.0,1.0,1.0,1.0
0,278,962,5,193,7,0,0,0.0,0.0,0.0,0.0,0.0,0.0,0.0,0.0
0,2048,1595,14,1292,0,0,2,0.0,0.0,0.0,0.0,0.0,0.0,0.0,0.0
0,666,819,3,13,3,0,0,0.0,0.0,0.0,0.0,0.0,0.0,0.0,0.0
0,341,408,0,18,0,0,2,1.0,1.0,1.0,1.0,1.0,1.0,1.0,1.0
0,115,294,5,18,0,0,0,1.0,1.0,1.0,1.0,1.0,1.0,1.0,1.0
0,100,375,0,12,0,1,3,1.0,1.0,1.0,1.0,1.0,1.0,1.0,1.0
0,1124,854,1,262,1,1,0,0.0,0.0,0.0,0.0,0.0,0.0,0.0,0.0
0,1557,1814,6,956,0,0,0,0.0,0.0,0.0,0.0,0.0,0.0,0.0,0.0
0,39,450,6,19,0,0,1,1.0,1.0,1.0,1.0,1.0,1.0,1.0,1.0
0,354,1657,5,193,1,0,0,0.0,1.0,0.0,0.0,0.0,0.0,0.0,0.0
0,1977,2233,5,1246,0,0,0,0.0,0.0,0.0,0.0,0.0,0.0,0.0,0.0
0,200,323,12,2,0,0,2,1.0,1.0,1.0,1.0,1.0,1.0,1.0,1.0
0,1079,1660,8,193,0,0,0,0.0,0.0,0.0,0.0,0.0,0.0,0.0,0.0
0,1270,1516,8,193,15,0,0,0.0,0.0,0.0,0.0,0.0,0.0,0.0,0.0
0,108,420,5,19,0,0,3,0.0,1.0,1.0,1.0,1.0,1.0,1.0,1.0
0,1446,1710,13,547,1,1,0,0.0,0.0,0.0,0.0,0.0,0.0,0.0,0.0
19,1467,382,5,610,32,0,3,0.0,0.0,0.0,0.0,0.0,0.0,0.0,0.0
0,286,325,13,148,0,0,3,0.0,1.0,1.0,1.0,1.0,1.0,1.0,1.0
0,265,275,5,5,0,0,0,1.0,1.0,1.0,1.0,0.0,1.0,1.0,1.0
0,259,165,13,112,0,0,3,1.0,1.0,1.0,1.0,1.0,1.0,1.0,1.0
0,465,645,0,52,39,0,1,0.0,1.0,0.0,0.0,1.0,1.0,0.0,0.0
0,155,357,0,150,0,1,0,1.0,0.0,1.0,1.0,1.0,1.0,1.0,1.0
0,79,372,0,43,0,0,2,1.0,0.0,1.0,1.0,1.0,1.0,1.0,1.0
0,1113,1328,8,15,0,0,1,0.0,0.0,0.0,0.0,0.0,0.0,0.0,0.0
0,1370,1637,16,338,0,0,1,0.0,0.0,0.0,0.0,0.0,0.0,0.0,0.0
0,560,631,8,123,0,0,3,0.0,1.0,1.0,1.0,1.0,1.0,1.0,1.0
0,154,336,0,16,0,1,3,1.0,1.0,1.0,1.0,1.0,1.0,1.0,1.0
0,1637,2160,8,1193,0,0,0,0.0,0.0,0.0,0.0,0.0,0.0,0.0,0.0
0,1196,1914,13,1020,0,0,0,0.0,0.0,0.0,0.0,0.0,0.0,0.0,0.0
0,1673,1939,8,193,15,0,0,0.0,0.0,0.0,0.0,0.0,0.0,0.0,0.0
0,293,826,5,52,0,1,0,0.0,1.0,1.0,1.0,1.0,1.0,1.0,1.0
0,26,92,6,79,0,0,2,1.0,1.0,1.0,1.0,1.0,1.0,1.0,1.0
0,1196,507,5,18,0,0,0,0.0,0.0,0.0,0.0,0.0,0.0,0.0,0.0
0,1439,1701,8,193,0,0,0,0.0,0.0,0.0,0.0,0.0,0.0,0.0,0.0
0,111,15,1,11,4,1,3,1.0,1.0,1.0,1.0,1.0,1.0,1.0,1.0
0,276,196,0,90,0,0,3,1.0,0.0,1.0,1.0,1.0,1.0,1.0,1.0
0,1609,600,15,9,0,0,1,1.0,0.0,0.0,0.0,0.0,0.0,0.0,0.0
0,1273,1440,8,193,0,0,0,0.0,0.0,0.0,0.0,0.0,0.0,0.0,0.0
0,118,151,13,18,7,0,1,1.0,1.0,1.0,1.0,1.0,1.0,1.0,1.0
0,143,901,6,52,0,0,2,1.0,0.0,1.0,1.0,1.0,1.0,1.0,1.0
0,13,637,5,2,10,2,3,1.0,1.0,1.0,1.0,1.0,1.0,1.0,1.0
0,379,111,0,103,9,0,2,1.0,1.0,1.0,1.0,0.0,1.0,1.0,1.0
2,1175,1407,5,701,9,1,1,1.0,0.0,0.0,0.0,0.0,0.0,0.0,0.0
7,1416,1718,5,902,26,0,0,0.0,0.0,0.0,0.0,0.0,0.0,0.0,0.0
0,392,1012,3,95,0,0,1,1.0,1.0,1.0,1.0,0.0,1.0,0.0,1.0
0,131,105,1,0,0,0,2,1.0,1.0,1.0,1.0,1.0,1.0,1.0,1.0
0,968,1166,8,9,0,0,1,0.0,0.0,0.0,0.0,0.0,0.0,0.0,0.0
0,103,50,8,12,0,0,3,1.0,1.0,1.0,1.0,1.0,1.0,1.0,1.0
0,342,934,8,15,0,1,1,1.0,1.0,1.0,1.0,1.0,1.0,1.0,1.0
0,197,212,0,71,6,1,2,0.0,1.0,1.0,1.0,1.0,1.0,1.0,1.0
0,735,182,5,338,0,0,0,0.0,1.0,1.0,1.0,0.0,1.0,0.0,1.0
0,986,1186,5,88,1,0,3,1.0,0.0,1.0,1.0,1.0,0.0,0.0,0.0
0,1294,764,5,46,1,0,1,1.0,0.0,0.0,0.0,0.0,0.0,0.0,0.0
0,289,1033,0,78,0,1,1,0.0,1.0,1.0,1.0,1.0,1.0,1.0,1.0
0,159,196,0,52,9,0,2,1.0,1.0,1.0,1.0,1.0,1.0,1.0,1.0
0,1263,1508,1,158,6,0,2,0.0,0.0,0.0,0.0,0.0,0.0,0.0,0.0
0,236,1165,9,95,0,0,1,0.0,1.0,1.0,1.0,1.0,1.0,1.0,1.0
0,72,130,13,44,0,0,1,1.0,1.0,1.0,1.0,1.0,1.0,1.0,1.0
0,745,522,5,2,0,0,1,1.0,1.0,1.0,1.0,1.0,1.0,1.0,1.0
0,1222,1468,15,55,0,0,2,1.0,0.0,0.0,0.0,0.0,0.0,0.0,0.0
0,319,382,5,77,0,0,3,1.0,1.0,1.0,1.0,1.0,1.0,1.0,1.0
0,142,143,2,9,5,1,1,1.0,1.0,1.0,1.0,1.0,1.0,1.0,1.0
0,491,784,5,364,32,0,2,1.0,0.0,0.0,0.0,0.0,0.0,0.0,0.0
6,1668,1931,5,1032,13,0,1,0.0,0.0,0.0,0.0,0.0,0.0,0.0,0.0
0,802,958,7,193,0,0,1,0.0,0.0,0.0,0.0,0.0,0.0,0.0,0.0
0,1079,1289,9,629,20,0,0,0.0,0.0,0.0,0.0,0.0,0.0,0.0,0.0
0,663,815,2,63,0,0,3,1.0,0.0,1.0,1.0,1.0,1.0,1.0,1.0
0,415,155,8,2,0,0,3,1.0,1.0,1.0,1.0,1.0,1.0,1.0,1.0
0,181,623,15,266,0,0,2,1.0,1.0,1.0,1.0,1.0,1.0,1.0,1.0
0,129,71,5,5,0,1,1,1.0,1.0,1.0,1.0,1.0,1.0,1.0,1.0
0,611,68,0,45,1,1,3,1.0,1.0,1.0,1.0,1.0,1.0,1.0,1.0
0,1440,607,8,939,0,0,2,1.0,0.0,0.0,0.0,0.0,0.0,0.0,0.0
0,760,918,1,32,41,0,2,1.0,1.0,0.0,0.0,1.0,1.0,0.0,0.0
0,489,1752,0,917,0,0,2,0.0,0.0,0.0,0.0,0.0,0.0,0.0,0.0
0,6,6,3,1,0,0,3,1.0,1.0,1.0,1.0,1.0,1.0,1.0,1.0
0,233,212,0,83,6,1,3,1.0,1.0,1.0,1.0,1.0,1.0,1.0,1.0
0,313,226,8,44,0,1,2,0.0,1.0,1.0,1.0,1.0,1.0,1.0,1.0
0,1784,1468,0,416,6,0,3,1.0,0.0,0.0,0.0,1.0,0.0,0.0,0.0
0,1793,2058,13,1120,0,0,0,0.0,0.0,0.0,0.0,0.0,0.0,0.0,0.0
2,237,1467,5,729,9,0,1,0.0,0.0,0.0,0.0,0.0,0.0,0.0,0.0
0,103,84,7,12,7,0,2,1.0,1.0,1.0,1.0,1.0,1.0,1.0,1.0
0,369,95,0,144,7,0,2,1.0,1.0,1.0,1.0,1.0,1.0,1.0,1.0
0,277,1307,5,68,0,1,1,0.0,1.0,1.0,1.0,1.0,1.0,1.0,1.0
0,598,1699,13,63,0,0,3,1.0,0.0,0.0,0.0,1.0,0.0,0.0,0.0
0,447,545,15,31,0,0,3,0.0,1.0,1.0,1.0,1.0,1.0,1.0,1.0
0,1645,1902,5,193,15,0,0,0.0,0.0,0.0,0.0,0.0,0.0,0.0,0.0
0,493,242,15,383,0,0,1,1.0,1.0,1.0,1.0,0.0,1.0,1.0,1.0
0,103,289,5,19,0,0,2,0.0,1.0,1.0,1.0,1.0,1.0,1.0,1.0
0,155,47,5,249,0,3,3,1.0,1.0,1.0,1.0,1.0,1.0,1.0,1.0
0,841,542,5,460,10,0,0,0.0,0.0,0.0,0.0,1.0,0.0,0.0,0.0
0,2001,1331,5,1113,0,0,1,0.0,0.0,0.0,0.0,1.0,0.0,0.0,0.0
0,155,162,8,9,0,0,1,1.0,1.0,1.0,1.0,1.0,1.0,1.0,1.0
0,121,406,7,95,1,2,0,1.0,1.0,1.0,1.0,1.0,1.0,1.0,1.0
0,573,1226,8,1,0,0,1,1.0,1.0,0.0,0.0,0.0,1.0,0.0,0.0
0,1,1,1,1,0,2,3,1.0,1.0,1.0,1.0,1.0,1.0,1.0,1.0
0,72,489,13,126,0,0,2,1.0,1.0,1.0,1.0,1.0,1.0,1.0,1.0
0,313,243,0,630,0,0,1,0.0,1.0,1.0,1.0,1.0,1.0,1.0,1.0
0,474,103,2,63,0,0,2,1.0,1.0,1.0,1.0,1.0,1.0,1.0,1.0
0,965,433,8,15,0,0,0,0.0,1.0,0.0,0.0,0.0,0.0,0.0,0.0
0,947,499,5,418,6,0,0,0.0,1.0,0.0,0.0,1.0,0.0,0.0,0.0
0,155,405,0,78,9,1,3,1.0,1.0,1.0,1.0,1.0,1.0,1.0,1.0
0,188,202,8,2,0,3,3,1.0,1.0,1.0,1.0,1.0,1.0,1.0,1.0
0,585,932,0,149,0,0,3,0.0,0.0,1.0,1.0,1.0,1.0,0.0,0.0
0,725,884,8,1121,8,0,0,0.0,0.0,0.0,0.0,0.0,0.0,0.0,0.0
0,320,384,0,6,0,0,2,1.0,1.0,1.0,1.0,1.0,1.0,1.0,1.0
0,109,299,1,125,3,0,3,1.0,1.0,1.0,1.0,1.0,1.0,1.0,1.0
0,235,260,7,1,0,1,3,1.0,1.0,1.0,1.0,1.0,1.0,1.0,1.0
0,163,1575,13,55,6,0,1,0.0,1.0,0.0,0.0,0.0,0.0,0.0,0.0
0,602,84,5,12,0,1,3,1.0,1.0,1.0,1.0,1.0,1.0,1.0,1.0
0,796,955,5,422,0,0,1,0.0,0.0,0.0,0.0,0.0,0.0,0.0,0.0
0,100,339,8,15,0,0,2,0.0,1.0,1.0,1.0,1.0,1.0,1.0,1.0
0,16,84,12,63,0,2,3,1.0,1.0,1.0,1.0,1.0,1.0,1.0,1.0
0,1334,1595,15,811,0,0,3,1.0,0.0,0.0,0.0,0.0,0.0,0.0,0.0
0,505,669,0,193,0,0,0,0.0,1.0,1.0,1.0,0.0,1.0,0.0,0.0
0,52,364,3,147,0,0,3,1.0,1.0,1.0,1.0,1.0,1.0,1.0,1.0
0,451,1885,13,2,0,0,1,1.0,0.0,0.0,0.0,0.0,0.0,0.0,0.0
0,573,118,5,63,0,1,1,0.0,1.0,1.0,1.0,1.0,1.0,1.0,1.0
0,211,1278,0,684,6,0,3,0.0,0.0,0.0,0.0,0.0,0.0,0.0,0.0
0,1584,1838,0,18,0,0,1,1.0,0.0,0.0,0.0,0.0,0.0,0.0,0.0
6,1078,1288,5,193,13,0,0,0.0,0.0,0.0,0.0,0.0,0.0,0.0,0.0
0,343,325,10,31,0,1,3,1.0,1.0,1.0,1.0,1.0,1.0,1.0,1.0
0,221,695,8,31,7,1,1,0.0,1.0,1.0,1.0,1.0,1.0,1.0,1.0
0,1834,2103,15,1152,0,0,2,0.0,0.0,0.0,0.0,0.0,0.0,0.0,0.0
0,78,47,5,9,0,0,3,1.0,1.0,1.0,1.0,1.0,1.0,1.0,1.0
0,688,667,1,541,9,0,3,1.0,1.0,1.0,1.0,1.0,1.0,1.0,1.0
0,88,14,8,177,0,0,2,1.0,1.0,1.0,1.0,1.0,1.0,1.0,1.0
0,783,498,8,815,6,0,1,1.0,1.0,0.0,0.0,0.0,0.0,0.0,0.0
3,480,593,0,95,5,0,1,1.0,1.0,1.0,1.0,1.0,1.0,1.0,1.0
0,78,24,8,15,0,0,1,1.0,1.0,1.0,1.0,1.0,1.0,1.0,1.0
0,230,487,5,186,1,1,2,1.0,0.0,1.0,1.0,1.0,1.0,1.0,1.0
0,51,557,1,15,0,0,3,1.0,1.0,1.0,1.0,1.0,1.0,1.0,1.0
0,1230,255,6,340,0,0,2,0.0,0.0,1.0,1.0,0.0,0.0,0.0,0.0
0,8,35,1,35,1,2,2,1.0,1.0,1.0,1.0,1.0,1.0,1.0,1.0
0,1373,2045,0,1109,0,1,0,0.0,0.0,0.0,0.0,0.0,0.0,0.0,0.0
0,1925,1292,17,1208,0,0,0,0.0,0.0,0.0,0.0,0.0,0.0,0.0,0.0
0,889,1063,4,500,0,1,1,0.0,0.0,1.0,1.0,0.0,1.0,0.0,0.0
0,1856,2121,5,193,15,0,0,0.0,0.0,0.0,0.0,0.0,0.0,0.0,0.0
0,150,155,0,14,7,1,3,1.0,1.0,1.0,1.0,1.0,1.0,1.0,1.0
0,1296,1552,0,788,0,0,2,0.0,0.0,0.0,0.0,0.0,0.0,0.0,0.0
0,115,17,5,18,0,2,3,1.0,1.0,1.0,1.0,1.0,1.0,1.0,1.0
0,78,512,0,30,0,0,2,1.0,1.0,1.0,1.0,1.0,1.0,1.0,1.0
0,966,1822,15,9,0,0,1,0.0,0.0,0.0,0.0,0.0,0.0,0.0,0.0
0,746,517,5,53,0,0,0,0.0,1.0,1.0,1.0,0.0,1.0,0.0,0.0
0,793,1751,16,916,0,0,0,0.0,0.0,0.0,0.0,0.0,0.0,0.0,0.0
0,302,663,0,55,7,1,3,1.0,0.0,1.0,1.0,1.0,1.0,1.0,1.0
0,36,2,5,31,1,0,3,1.0,1.0,1.0,1.0,1.0,1.0,1.0,1.0
0,619,81,5,330,0,0,3,0.0,1.0,1.0,1.0,1.0,1.0,1.0,1.0
0,809,966,3,193,0,0,0,0.0,0.0,0.0,0.0,0.0,0.0,0.0,0.0
0,19,105,5,46,1,0,0,1.0,1.0,1.0,1.0,1.0,1.0,1.0,1.0
0,2011,2265,5,981,1,0,0,0.0,0.0,0.0,0.0,0.0,0.0,0.0,0.0
0,53,383,1,13,7,0,2,1.0,1.0,1.0,1.0,1.0,1.0,1.0,1.0
0,78,205,13,9,6,0,3,1.0,1.0,1.0,1.0,1.0,1.0,1.0,1.0
0,919,1106,2,15,0,0,1,0.0,0.0,0.0,0.0,0.0,0.0,0.0,0.0
0,437,80,5,294,0,1,1,1.0,1.0,1.0,1.0,1.0,1.0,1.0,1.0
0,1122,1222,1,194,34,0,1,0.0,0.0,0.0,0.0,0.0,0.0,0.0,0.0
0,67,61,1,1,0,1,3,1.0,1.0,1.0,1.0,1.0,1.0,1.0,1.0
0,327,894,4,807,0,0,1,0.0,0.0,0.0,0.0,1.0,0.0,0.0,0.0
0,403,504,1,138,0,1,1,0.0,0.0,1.0,1.0,1.0,1.0,1.0,1.0
0,295,174,13,71,12,0,2,1.0,0.0,1.0,1.0,1.0,1.0,1.0,1.0
0,485,602,1,0,36,0,1,0.0,0.0,0.0,0.0,1.0,0.0,0.0,0.0
0,1387,1652,15,853,0,0,2,0.0,0.0,0.0,0.0,0.0,0.0,0.0,0.0
0,704,147,0,380,18,0,1,1.0,1.0,0.0,0.0,0.0,0.0,0.0,0.0
0,1507,1768,0,322,0,0,3,0.0,0.0,0.0,0.0,1.0,0.0,0.0,0.0
0,214,1538,5,215,0,0,0,1.0,0.0,0.0,0.0,0.0,0.0,0.0,0.0
0,1222,1014,4,948,6,0,3,0.0,0.0,0.0,0.0,1.0,0.0,0.0,0.0
0,1981,2237,5,193,15,0,0,0.0,0.0,0.0,0.0,0.0,0.0,0.0,0.0
0,1280,1617,5,193,0,0,0,0.0,0.0,0.0,0.0,0.0,0.0,0.0,0.0
0,240,681,0,7,1,0,1,1.0,1.0,1.0,1.0,1.0,1.0,1.0,1.0
0,1757,2020,8,1095,0,0,1,0.0,0.0,0.0,0.0,0.0,0.0,0.0,0.0
0,44,309,15,95,0,1,3,1.0,1.0,1.0,1.0,1.0,1.0,1.0,1.0
31,2013,2267,5,193,37,0,0,0.0,0.0,0.0,0.0,0.0,0.0,0.0,0.0
0,101,542,13,9,6,0,0,1.0,1.0,1.0,1.0,0.0,1.0,1.0,1.0
0,868,1035,1,487,0,0,1,0.0,0.0,0.0,0.0,0.0,0.0,0.0,0.0
0,26,194,0,32,0,0,3,1.0,1.0,1.0,1.0,1.0,1.0,1.0,1.0
0,1013,132,8,287,0,0,3,0.0,0.0,1.0,1.0,0.0,0.0,0.0,1.0
0,926,2255,16,1261,9,0,0,0.0,0.0,0.0,0.0,0.0,0.0,0.0,0.0
0,1566,229,15,966,0,0,0,1.0,0.0,0.0,0.0,1.0,0.0,0.0,0.0
0,301,138,5,58,7,1,3,1.0,1.0,1.0,1.0,1.0,1.0,1.0,1.0
0,275,308,13,130,7,1,1,1.0,1.0,1.0,1.0,1.0,1.0,1.0,1.0
0,119,280,8,53,0,0,0,0.0,1.0,1.0,1.0,0.0,1.0,1.0,1.0
0,356,1092,8,1,7,0,0,0.0,1.0,0.0,0.0,0.0,0.0,0.0,0.0
0,413,1889,5,317,1,1,0,1.0,0.0,0.0,0.0,0.0,0.0,0.0,0.0
0,930,1751,16,193,15,0,0,0.0,0.0,0.0,0.0,0.0,0.0,0.0,0.0
2,1406,1675,5,866,9,0,0,0.0,0.0,0.0,0.0,0.0,0.0,0.0,0.0
0,161,170,7,19,0,0,1,1.0,1.0,1.0,1.0,1.0,1.0,1.0,1.0
0,103,149,4,330,0,0,2,1.0,1.0,1.0,1.0,1.0,1.0,1.0,1.0
0,1224,1521,5,193,0,0,0,0.0,0.0,0.0,0.0,0.0,0.0,0.0,0.0
0,458,127,5,78,9,0,1,1.0,1.0,1.0,1.0,0.0,1.0,1.0,1.0
0,1099,1393,8,425,0,1,1,0.0,0.0,0.0,0.0,0.0,0.0,0.0,0.0
0,270,386,1,153,6,0,2,1.0,1.0,1.0,1.0,1.0,1.0,1.0,1.0
0,143,98,0,0,0,0,1,1.0,1.0,1.0,1.0,1.0,1.0,1.0,1.0
5,810,874,0,436,3,1,3,0.0,0.0,1.0,1.0,1.0,1.0,0.0,0.0
0,1898,903,5,1136,0,0,1,0.0,0.0,0.0,0.0,0.0,0.0,0.0,0.0
0,487,603,1,2,0,1,3,1.0,0.0,1.0,1.0,1.0,1.0,1.0,1.0
0,387,151,1,1,0,0,0,0.0,1.0,1.0,1.0,0.0,1.0,1.0,1.0
0,118,398,0,158,0,0,0,0.0,1.0,1.0,1.0,0.0,1.0,1.0,1.0
0,1438,1239,17,338,0,0,0,0.0,0.0,0.0,0.0,0.0,0.0,0.0,0.0
0,263,37,5,31,0,1,3,1.0,1.0,1.0,1.0,1.0,1.0,1.0,1.0
0,100,92,14,79,0,2,3,1.0,1.0,1.0,1.0,1.0,1.0,1.0,1.0
0,49,520,5,18,1,0,3,1.0,1.0,1.0,1.0,1.0,1.0,1.0,1.0
0,701,1968,5,1061,0,1,2,0.0,0.0,0.0,0.0,0.0,0.0,0.0,0.0
0,58,44,5,1,0,2,3,1.0,1.0,1.0,1.0,1.0,1.0,1.0,1.0
2,424,537,1,104,9,0,0,0.0,0.0,1.0,1.0,0.0,0.0,0.0,0.0
0,1808,2074,8,1026,0,0,0,0.0,0.0,0.0,0.0,0.0,0.0,0.0,0.0
0,1278,1527,8,770,0,0,2,1.0,0.0,0.0,0.0,0.0,0.0,0.0,0.0
0,129,688,5,9,0,0,3,1.0,1.0,1.0,1.0,1.0,1.0,1.0,1.0
1,1047,1255,4,606,8,0,1,0.0,0.0,0.0,0.0,0.0,0.0,0.0,0.0
0,828,114,5,15,9,0,3,1.0,0.0,1.0,1.0,1.0,1.0,1.0,1.0
0,348,1594,6,45,0,0,3,1.0,0.0,1.0,1.0,1.0,1.0,0.0,0.0
0,75,48,0,15,7,1,3,0.0,1.0,1.0,1.0,1.0,1.0,1.0,1.0
0,33,221,2,15,0,0,3,1.0,1.0,1.0,1.0,1.0,1.0,1.0,1.0
0,56,320,5,102,0,0,2,1.0,1.0,1.0,1.0,1.0,1.0,1.0,1.0
0,139,437,1,317,1,0,2,0.0,1.0,1.0,1.0,1.0,1.0,1.0,1.0
0,597,395,12,63,0,0,3,1.0,0.0,1.0,1.0,1.0,1.0,1.0,1.0
0,1890,2149,6,193,0,0,1,0.0,0.0,0.0,0.0,0.0,0.0,0.0,0.0
24,1535,81,13,937,19,0,1,0.0,0.0,0.0,0.0,1.0,0.0,0.0,0.0
0,505,59,1,1,0,0,3,0.0,1.0,1.0,1.0,1.0,1.0,1.0,1.0
0,267,68,1,9,23,1,3,1.0,1.0,1.0,1.0,0.0,1.0,1.0,1.0
0,929,514,8,527,9,0,0,0.0,0.0,0.0,0.0,0.0,0.0,0.0,0.0
0,45,1334,0,317,1,0,2,0.0,1.0,1.0,1.0,1.0,1.0,1.0,1.0
0,926,2309,16,193,15,0,0,0.0,0.0,0.0,0.0,0.0,0.0,0.0,0.0
0,107,83,0,82,10,0,1,1.0,1.0,1.0,1.0,1.0,1.0,1.0,1.0
0,811,987,17,13,0,0,1,0.0,0.0,0.0,0.0,0.0,0.0,0.0,0.0
0,382,134,4,11,0,1,3,1.0,1.0,1.0,1.0,1.0,1.0,1.0,1.0
0,918,1102,0,13,0,1,2,1.0,0.0,1.0,1.0,1.0,1.0,0.0,0.0
0,221,244,8,17,0,0,0,0.0,1.0,1.0,1.0,0.0,1.0,1.0,1.0
0,1670,727,8,417,0,0,0,0.0,0.0,0.0,0.0,0.0,0.0,0.0,0.0
0,927,252,8,525,1,0,2,1.0,1.0,1.0,1.0,1.0,1.0,1.0,1.0
0,697,629,8,95,0,0,2,1.0,1.0,1.0,1.0,1.0,1.0,1.0,1.0
0,343,1194,17,572,0,1,3,0.0,0.0,1.0,1.0,1.0,1.0,1.0,1.0
